Ζζ	A	I	1	a		7
Ζζ	A	I	1	a		000
Ζζ	A	I	1	0-0	A	I	1	a	zd	Il.4.103
Ζζ	A	I	1	0-0	A	I	1	a	zd	121
Ζζ	A	I	1	0-0	A	I	1	a	zd	h.Ap.429
Ζζ	A	I	1	0-0	A	I	1	a	zd	PCair.Zen.151.4
Ζζ	A	I	1	0-0	A	I	1	a	zd	9
Ζζ	A	I	1	0-0	A	I	1	a	zd	Chr.31 viii 6
Ζζ	A	I	1	0-0	A	I	1	a	zd	Ael.Dion.Fr.187
Ζζ	A	I	1	0-0	A	I	1	a	zd	IG22.1672.308
Ζζ	A	I	1	0-0	A	I	1	a	zd	IG3.73
ζά	A	I	1	a		Theoc.29.6
ζά	A	I	1	a		IG12(2).484.3
ζά	A	I	1	a		Comp.3.3
ζά	A	I	1	a		Sapph.Oxy.1787
ζά	A	I	1	a		Fr.3ii 18
ζάβατος	A	I	2	a		Hsch.
ζάβοτος	A	I	1	a		Hsch.
ζάγκλη	A	II	1	a		Th.6.4
ζάγκλον	A	I	1	a	reaping-hook, sickle	Th.6.4
ζάγκλον	A	I	1	a	reaping-hook, sickle	Call.Aet.Oxy.2080.73
ζάγκλον	A	I	1	a	reaping-hook, sickle	Str.6.2.3
Ζαγρεύς	A	I	1	a		Et.Gud.227.37
ζάγρη	A	I	1	a	barefoot	Zonar.
ζάγρη	A	I	1	a	barefoot	Suid.
ζάδηλος	A	I	1	a	with holes in it	Alc.18.7
ζαελεξάμαν	A	I	1	a	discoursed with	Sapph.87
ζαελεξάμαν	A	I	1	a	discoursed with	Il.
ζαζαῖος	A	I	1	a		Cyr.
ζαζαῖος	A	I	1	a		Hsch.
ζᾱής	A	I	1	a	strong-blowing, stormy	Il.12.157
ζᾱής	A	I	1	a	strong-blowing, stormy	Od.5.368
ζᾱής	A	I	1	a	strong-blowing, stormy	Hes.Th.253
ζᾱής	A	I	1	a	strong-blowing, stormy	Od.12.313
ζᾱής	A	I	1	a	strong-blowing, stormy	2.154
ζᾱής	A	I	1	a	strong-blowing, stormy	923
ζᾱής	A	I	1	a	strong-blowing, stormy	AP9.290
ζᾱής	A	I	1	a	strong-blowing, stormy	Phil.
ζάθεος	A	I	1	a	very divine, sacred	Il.1.38
ζάθεος	A	I	1	a	very divine, sacred	Od.
ζάθεος	A	I	1	a	very divine, sacred	h.Ap.223
ζάθεος	A	I	1	a	very divine, sacred	Pi.P.5.70
ζάθεος	A	I	1	a	very divine, sacred	I.1.32
ζάθεος	A	I	1	a	very divine, sacred	B.2.7
ζάθεος	A	I	1	a	very divine, sacred	Id.5.10
ζάθεος	A	I	1	a	very divine, sacred	Id.10.24
ζάθεος	A	I	1	a	very divine, sacred	E.Ba.121
ζάθεος	A	I	1	a	very divine, sacred	A.Fr.284
ζάθεος	A	I	1	a	very divine, sacred	Hes.Th.253
ζάθεος	A	I	1	a	very divine, sacred	Pi.Pae.6.5
ζάθεος	A	I	1	a	very divine, sacred	E.Tr.
ζάθεος	A	I	1	a	very divine, sacred	Ar.Nu.283
ζάθεος	A	I	1	a	very divine, sacred	Id.Ra.385
ζάθεος	A	I	1	a	very divine, sacred	Castorio1
ζάθεος	A	I	1	a	very divine, sacred	AP9.525.7
ζάθεος	A	I	1	a	very divine, sacred	1.514
ζᾰθερής	A	I	1	a	scorching	AP6.120
ζᾰθερής	A	I	1	a	scorching	Leon.
ζᾰκαλλής	A	I	1	a	very beautiful	Hsch.
ζᾰκορ-εύω	A	I	1	a	to be a	IG3.162.12
ζᾰκορ-εύω	A	I	1	a	to be a	CIG2298
ζᾰ́κορ-ος	A	I	1	a	attendant in a temple	Philol.57.353
ζᾰ́κορ-ος	A	I	1	a	attendant in a temple	p.394
ζᾰ́κορ-ος	A	I	1	a	attendant in a temple	Hyp.Fr.178
ζᾰ́κορ-ος	A	I	1	a	attendant in a temple	Plu.Cam.30
ζᾰ́κορ-ος	A	I	1	a	attendant in a temple	IG3.713.1
ζᾰ́κορ-ος	A	I	1	a	attendant in a temple	Anon.Oxy.218ii14
ζᾰ́κορ-ος	A	I	1	a	attendant in a temple	IG12.4.14
ζᾰ́κορ-ος	A	I	1	a	attendant in a temple	7.1883
ζᾰ́κορ-ος	A	I	1	a	attendant in a temple	Men.126
ζᾰ́κορ-ος	A	I	1	a	attendant in a temple	311
ζᾰ́κορ-ος	A	I	1	a	attendant in a temple	IG12(2).484.21
ζᾰ́κορ-ος	A	I	1	a	attendant in a temple	Plu.Sull.7
ζάκοτος	A	I	1	a	exceeding wroth	Il.3.220
ζάκοτος	A	I	1	a	exceeding wroth	Theoc.25.83
ζάκοτος	A	I	1	a	exceeding wroth	Pi.N.6.53
ζάκοτος	A	I	1	a	exceeding wroth	Id.Pae.9.18
ζακρῠόεις	A	I	1	a	very numbing, freezing	Alc.Supp.12.8
ζᾰκυνθίδες	A	I	1	a	from Zacynthus	Hsch.
ζᾰκυνθίδες	A	I	1	a	from Zacynthus	AB261
ζᾰκυνθίδες	A	I	1	a	from Zacynthus	Hsch.
ζᾰκυνθίδες	A	I	1	a	from Zacynthus	AP9.412
ζᾰκυνθίδες	A	I	1	a	from Zacynthus	Phld.
ζᾰκυνθίδες	A	I	1	a	from Zacynthus	Hsch.EM406.43
ζᾰκυνθίδες	A	I	1	a	from Zacynthus	Hsch.
ζᾰλάω	A	I	1	a	driving	Nic.Th.252
ζάλευκος	A	I	1	a	very white	Zos.2.6
ζάλευκος	A	I	1	a	very white	Phleg.Macr.4
ζάλη	A	I	1	a	squall, storm, driving rain	A.Ag.656
ζάλη	A	I	1	a	squall, storm, driving rain	S.Aj.352
ζάλη	A	I	1	a	squall, storm, driving rain	Pl.R.496d
ζάλη	A	I	1	a	squall, storm, driving rain	Id.Ti.43c
ζάλη	A	I	1	a	squall, storm, driving rain	Hp.Insomn.89
ζάλη	A	I	1	a	squall, storm, driving rain	Plu.2.993e
ζάλη	A	I	1	a	squall, storm, driving rain	A.Pr.373
ζάλη	A	I	1	a	squall, storm, driving rain	Pi.O.12.12
ζάλη	A	I	1	a	squall, storm, driving rain	Procop.Gaz.Ep.47
ζάλη	A	I	1	a	squall, storm, driving rain	Cat.Cod.Astr.2.211
ζάλη	A	I	1	a	squall, storm, driving rain	Secund.Sent.8
ζαλμός	A	I	1	a	skin	Porph.VP14
ζάλος	A	I	1	a	mud	Nic.Th.568
ζάλος	A	I	1	a	mud	Hsch.
ζάλος	A	I	1	a	mud	Lib.Ep.1144
ζάματος	A	I	1	a		2
ζάματος	A	I	1	a		Hsch.
ζᾰμεν-έω	A	I	1	a	to put forth all one's fury	Hes.Th.928
ζᾰμεν-ής	A	I	1	a	very strong, mighty, raging,	h.Merc.307
ζᾰμεν-ής	A	I	1	a	very strong, mighty, raging,	Pi.P.9.38
ζᾰμεν-ής	A	I	1	a	very strong, mighty, raging,	N.4.13
ζᾰμεν-ής	A	I	1	a	very strong, mighty, raging,	5829.8
ζᾰμεν-ής	A	I	1	a	very strong, mighty, raging,	S.Aj.137
ζᾰμεν-ής	A	I	1	a	very strong, mighty, raging,	Opp.C.3.448
ζᾰμεν-ής	A	I	1	a	very strong, mighty, raging,	Nic.Th.181
ζᾰμεν-ής	A	I	1	a	very strong, mighty, raging,	Porph.Plot.22
ζᾰμεν-ής	A	I	1	a	very strong, mighty, raging,	Hsch.
ζαμῆται	A	I	1	a	stone	Orph.L.263
ζάπεδον	A	I	1	a		Xenoph.1.1
ζάπεδον	A	I	1	a		IG12(5).215
ζᾰπίμελος	A	I	1	a	very fat	Hsch.
ζαπληθής	A	I	1	a	very full	A.Pers.316
ζαπληθής	A	I	1	a	very full	AP7.75
ζάπλουτος	A	I	1	a	very rich	Hdt.1.32
ζάπλουτος	A	I	1	a	very rich	E.Andr.1282
ζάπλουτος	A	I	1	a	very rich	Lib.Decl.30.12
ζάπλουτος	A	I	1	a	very rich	Jul.Ep.89b
ζᾰπότης	A	I	1	a	toper	Hsch.
ζάπῠρος	A	I	1	a	very fiery	A.Pr.1084
ζάπῠρος	A	I	1	a	very fiery	Porph.
ζάπῠρος	A	I	1	a	very fiery	Eus.PE6.3
ζαργάνη	A	I	1	a		Opp.H.1.100
ζατόω	A	I	1	a		EM408.11
ζατόω	A	I	1	a		Hsch.
ζατρεφής	A	I	1	a	well-fed, fat, goodly	Il.7.223
ζατρεφής	A	I	1	a	well-fed, fat, goodly	Od.4.451
ζατρίκιον	A	I	1	a	the game of chess	Theoc.6.18
ζατρίκιον	A	I	1	a	the game of chess	Pers.
ζατρίκιον	A	I	1	a	the game of chess	Arab.
ζαυκίτροφος	A	I	1	a	tenderly reared	Hsch.
ζαυκίτροφος	A	I	1	a	tenderly reared	Suid.
ζαυκίτροφος	A	I	1	a	tenderly reared	Nic.Al.556
ζαυκίτροφος	A	I	1	a	tenderly reared	EM408.17
ζαφλεγής	A	I	1	a	full of fire	Il.21.465
ζαφλεγής	A	I	1	a	full of fire	h.Hom.8.8
ζαφλεγής	A	II	1	a	shining, bright	Eus.PE3.15
ζαφλεγής	A	II	1	a	shining, bright	Nonn.D.2.26
ζάχολος	A	I	1	a		AP9.524.7
ζαχρειής	A	I	1	a	violently	Nic.Th.290
ζαχρεῖος	A	I	1	a	very needy	Theoc.25.6
ζαχρηής	A	I	1	a	attacking violently, furious, raging	Il.5.525
ζαχρηής	A	I	1	a	attacking violently, furious, raging	12.347
ζαχρηής	A	I	1	a	attacking violently, furious, raging	13.684
ζάχρῡσος	A	I	1	a	rich in gold	E.Alc.498
ζάχρῡσος	A	I	1	a	rich in gold	IT1111
ζάχρῡσος	A	I	1	a	rich in gold	Lib.Or.11.140
ζάψ	A	I	1	a	surf	Cratin.Jun.13
ζάψ	A	I	1	a	surf	Euph.3
ζάψ	A	I	1	a	surf	Simm.11
ζάψ	A	I	1	a	surf	Iamb.
ζάψ	A	I	1	a	surf	Clem.Al.Strom.5.8.47
ζᾰ́μεν-ζε	A	I	1	a	motion towards	A.D.Adv.194.18
ζέα	A	I	1	a		PPetr.2p.69
ζέα	A	I	2	a		Dsc.3.74
ζέα	A	II	1	a	the roof of a horse's mouth,	Hippiatr.1
ζέα	A	II	1	a	the roof of a horse's mouth,	8
ζέα	A	II	1	a	the roof of a horse's mouth,	1
ζεγέριες	A	I	1	a	mouse	Hdt.4.192
ζεγέριες	A	I	1	a	mouse	Hsch.
ζειά	A	I	1	a	one-seeded wheat, Triticum monococcum	Hom.
ζειά	A	I	1	a	one-seeded wheat, Triticum monococcum	Od.
ζειά	A	I	1	a	one-seeded wheat, Triticum monococcum	4.41
ζειά	A	I	1	a	one-seeded wheat, Triticum monococcum	604
ζειά	A	I	1	a	one-seeded wheat, Triticum monococcum	Il.
ζειά	A	I	1	a	one-seeded wheat, Triticum monococcum	5.196
ζειά	A	I	1	a	one-seeded wheat, Triticum monococcum	8.564
ζειά	A	I	1	a	one-seeded wheat, Triticum monococcum	Hdt.2.36
ζειά	A	I	1	a	one-seeded wheat, Triticum monococcum	Eup.14
ζειά	A	I	1	a	one-seeded wheat, Triticum monococcum	D.
ζειά	A	I	1	a	one-seeded wheat, Triticum monococcum	X.An.5.4.27
ζειά	A	I	1	a	one-seeded wheat, Triticum monococcum	Str.15.1.18
ζειά	A	I	1	a	one-seeded wheat, Triticum monococcum	Asclep.
ζειά	A	I	1	a	one-seeded wheat, Triticum monococcum	Gal.13.257
ζειά	A	I	1	a	one-seeded wheat, Triticum monococcum	Dsc.2.89
ζειά	A	I	1	a	one-seeded wheat, Triticum monococcum	Gal.6.517
ζειά	A	I	2	a	rice-wheat	Thphr.HP8.9.2
ζειά	A	I	2	a	rice-wheat	Dsc.
ζειά	A	I	2	a	rice-wheat	Gal.
ζείδωρος	A	I	1	a	zea-giving	Plin.HN18.82
ζείδωρος	A	I	1	a	zea-giving	EM410.6
ζείδωρος	A	I	1	a	zea-giving	Il.2.548
ζείδωρος	A	I	1	a	zea-giving	Od.3.3
ζείδωρος	A	I	1	a	zea-giving	Hes.Op.173
ζείδωρος	A	I	1	a	zea-giving	Nonn.D.26.185
ζείδωρος	A	I	1	a	zea-giving	AP9.4
ζείδωρος	A	I	1	a	zea-giving	Cyllen.
ζείδωρος	A	I	1	a	zea-giving	Hld.9.22
ζείδωρος	A	II	1	a		Hsch.
ζείδωρος	A	II	1	a	life-giving	Hsch.
ζείδωρος	A	II	1	a	life-giving	Emp.151
ζείδωρος	A	II	1	a	life-giving	Nonn.D.12.23
ζείδωρος	A	II	1	a	life-giving	22.276
ζείδωρος	A	II	1	a	life-giving	Gloss.
ζειλίαυρος	A	I	1	a		Dsc.2.178
ζειρά	A	I	1	a	a wide upper garment	Hdt.7.69
ζειρά	A	I	1	a	a wide upper garment	75
ζειρά	A	I	1	a	a wide upper garment	X.An.7.4.4
ζειρά	A	I	1	a	a wide upper garment	Hsch.
ζειρά	A	I	1	a	a wide upper garment	Ind.Lect.Rost.1892
ζειρά	A	I	1	a	a wide upper garment	3p.10
ζειροφόρος	A	I	1	a	wearing a	Antim.88
ζειροφόρος	A	II	1	a		Hsch.
ζεκαμναία	A	I	1	a	sum of ten minae,	Schwyzer409.7
ζεκελτίδες	A	I	1	a		Hsch.
ζεκελτίδες	A	I	1	a		Ath.9.369a
ζελᾶς	A	I	1	a		Eup.
ζελᾶς	A	I	1	a		Fr.355
ζελᾶς	A	I	1	a		Phot.
ζέμα	A	I	1	a	fermentation	Gal.13.1044
ζέμα	A	I	1	a	fermentation	LXXJd.20.6
ζέμα	A	II	1	a	boiling	Gal.13.548
ζέμα	A	II	1	a	boiling	Orib.Fr.113
ζέμα	A	II	1	a	boiling	Alex.Trall.Febr.1
ζέμα	A	II	2	a	that which is boiled, decoction	Dsc.Alex.7
ζέμα	A	II	2	a	that which is boiled, decoction	Gp.8.37.3
ζέμα	A	II	2	a	that which is boiled, decoction	LXXEz.24.13
ζέννῡμι	A	I	1	a		Philagr.
ζέννῡμι	A	I	1	a		Orib.5.17.7
ζέννῡμι	A	I	1	a		PHolm.15.22
ζέννῡμι	A	I	1	a		Dsc.2.70
ζέννῡμι	A	I	1	a		Alex.Aphr.Pr.1.104
ζεο-ποίιον	A	I	1	a	mill for grinding	AB261
ζεό-πῡρον	A	I	1	a	Triticum monococcum	Gal.6.515
ζεσελαιοπᾰγής	A	I	1	a	cooked in boiling oil	Philox.3.18
ζέσις	A	I	1	a	seething, effervescence, boiling	Pl.Ti.66b
ζέσις	A	I	1	a	seething, effervescence, boiling	Ocell.2.9
ζέσις	A	I	1	a	seething, effervescence, boiling	Gal.16.577
ζέσις	A	I	1	a	seething, effervescence, boiling	661
ζέσις	A	I	1	a	seething, effervescence, boiling	Plu.2.690c
ζέσις	A	I	1	a	seething, effervescence, boiling	Pl.Cra.419e
ζέσις	A	I	1	a	seething, effervescence, boiling	Arist.de An.403a31
ζεστάκρατα	A	I	1	a	hot wine	Pall.in Hp.2.162
ζεστάκρατα	A	I	1	a	hot wine	D.
ζεστολουσία	A	I	1	a	washing in hot water	Gal.6.208
ζεστολουσία	A	I	1	a	washing in hot water	212
ζεστός	A	I	1	a	seethed, boiled	App.Hisp.85
ζεστός	A	II	1	a	hot	Nic.Fr.70.11
ζεστός	A	II	1	a	hot	Dsc.1.33
ζεστός	A	II	1	a	hot	Sor.1.50
ζεστός	A	II	1	a	hot	Str.12.8.17
ζεστός	A	II	1	a	hot	S.E.P.1.101
ζεστός	A	II	1	a	hot	D.L.6.23
ζεστός	A	II	1	a	hot	Plu.Fluv.1.2
ζεστός	A	II	1	a	hot	Herod.Med.
ζεστός	A	II	1	a	hot	Orib.10.37.12
ζεστός	A	II	1	a	hot	Apoc.3.15
ζεστότης	A	I	1	a	heat	Paus.10.11.4
ζευγάριον	A	I	1	a	a puny pair	Ar.Av.582
ζευγάριον	A	I	1	a	a puny pair	Id.Fr.109
ζευγάριον	A	I	1	a	a puny pair	387
ζευγάριον	A	I	1	a	a puny pair	PCair.Zen.251.7
ζευγηλ-ᾰσία	A	I	1	a	the driving a yoke of oxen	Eust.361.13
ζευγηλ-ᾰτέω	A	I	1	a	drive a yoke of oxen	X.An.6.1.9
ζευγηλ-ᾰτέω	A	I	1	a	drive a yoke of oxen	Dialex.7.2
ζευγηλ-άτης	A	I	1	a	the driver of a yoke of oxen, teamster	S.Fr.616
ζευγηλ-άτης	A	I	1	a	the driver of a yoke of oxen, teamster	X.An.6.1.8
ζευγηλ-άτης	A	I	1	a	the driver of a yoke of oxen, teamster	PFay.112.6
ζευγηλ-άτης	A	I	1	a	the driver of a yoke of oxen, teamster	Dialex.7.2
ζευγηλ-άτης	A	I	1	a	the driver of a yoke of oxen, teamster	D.S.31.24
ζευγηλ-άτης	A	I	1	a	the driver of a yoke of oxen, teamster	S.Fr.878
ζευγίζω	A	I	1	a	yoke in pairs, unite	PGrenf.1.1.1
ζευγίζω	A	I	1	a	yoke in pairs, unite	LXX1 Ma.1.15
ζευγίζω	A	I	1	a	yoke in pairs, unite	Aq.Nu.25.3
ζευγίον	A	I	1	a		111.2
ζευγίον	A	I	1	a		IG11(2).287
ζευγίον	A	I	1	a		A51
ζευγίον	A	I	1	a		12(5).872.37
ζευγίς	A	I	1	a	rope	BGU544.5
ζευγίσιον	A	I	1	a	rating of the	Arist.Ath.7.4
ζευγίσιον	A	I	1	a	rating of the	Poll.8.130
ζευγίτης	A	I	1	a	yoked in pairs	Call.Ap.48
ζευγίτης	A	I	1	a	yoked in pairs	D.S.17.71
ζευγίτης	A	I	1	a	yoked in pairs	Plu.Pel.23
ζευγίτης	A	I	1	a	yoked in pairs	Thphr.HP4.11.3
ζευγίτης	A	II	1	a	their being able to keep a team	Arist.Pol.1274a20
ζευγίτης	A	II	1	a	their being able to keep a team	Ath.4.3
ζευγίτης	A	II	1	a	their being able to keep a team	D.43.54
ζευγίτης	A	II	1	a	their being able to keep a team	IG12.45.40
ζεῦγλᾰ	A	I	1	a		E.Fr.285.10
ζεῦγλᾰ	A	I	1	a		Lyr.Alex.Adesp.11.8
ζεῦγλᾰ	A	I	1	a		AP9.19
ζεῦγλᾰ	A	I	1	a		Arch.
ζεῦγλᾰ	A	I	1	a		Choerob.in Theod.1.304
ζεύγλ-η	A	I	1	a	loop attached to the yoke	Il.17.440
ζεύγλ-η	A	I	1	a	loop attached to the yoke	A.Pr.463
ζεύγλ-η	A	I	1	a	loop attached to the yoke	Hdt.1.31
ζεύγλ-η	A	I	1	a	loop attached to the yoke	Pi.P.4.227
ζεύγλ-η	A	I	1	a	loop attached to the yoke	Luc.DMar.6.2
ζεύγλ-η	A	I	2	a		1.1
ζεύγλ-η	A	I	2	a		BGU1507
ζεύγλ-η	A	II	1	a	cross-bar	E.Hel.1536
ζεῦγμα	A	I	1	a	that which is used for joining, band, bond	Th.7.69
ζεῦγμα	A	I	1	a	that which is used for joining, band, bond	70
ζεῦγμα	A	I	1	a	that which is used for joining, band, bond	D.S.13.14
ζεῦγμα	A	I	1	a	that which is used for joining, band, bond	Rev.Phil.50.70
ζεῦγμα	A	I	2	a	bridge of boats,	AP9.147
ζεῦγμα	A	I	2	a	bridge of boats,	Antag.
ζεῦγμα	A	I	2	a	bridge of boats,	D.H.9.31
ζεῦγμα	A	I	2	a	bridge of boats,	Plu.2.174e
ζεῦγμα	A	I	2	a	bridge of boats,	Plb.3.46.2
ζεῦγμα	A	I	2	a	bridge of boats,	Plu.Marc.14
ζεῦγμα	A	I	2	a	bridge of boats,	15
ζεῦγμα	A	I	3	a	canal-lock,	PPetr.2p.123
ζεῦγμα	A	I	3	a	canal-lock,	3p.210
ζεῦγμα	A	I	3	a	canal-lock,	E.IA443
ζεῦγμα	A	II	1	a	zeugma	Alex.Fig.2.17
ζευγματικόν	A	I	1	a	lock-toll,	PLond.3.1157.6
ζευγματικόν	A	I	1	a	lock-toll,	POxy.2129.4
ζεύγνῡμι	A	I	1	a		A.Pers.191
ζεύγνῡμι	A	I	1	a		Pl.Plt.309a
ζεύγνῡμι	A	I	1	a		E.Rh.33
ζεύγνῡμι	A	I	1	a		X.Cyr.6.3.21
ζεύγνῡμι	A	I	1	a		Il.16.145
ζεύγνῡμι	A	I	1	a		Hdt.1.206
ζεύγνῡμι	A	I	1	a		4.89
ζεύγνῡμι	A	I	1	a		Id.7.33
ζεύγνῡμι	A	I	1	a		Il.24.783
ζεύγνῡμι	A	I	1	a		Hdt.1.205
ζεύγνῡμι	A	I	1	a		Plb.5.52.4
ζεύγνῡμι	A	I	1	a		Hdt.4.89
ζεύγνῡμι	A	I	1	a		Il.19.393
ζεύγνῡμι	A	I	1	a		Pi.I.1.6
ζεύγνῡμι	A	I	1	a		Od.3.478
ζεύγνῡμι	A	I	1	a		Philostr.VA2.14
ζεύγνῡμι	A	I	1	a		Il.24.281
ζεύγνῡμι	A	I	1	a		Od.3.492
ζεύγνῡμι	A	I	1	a		E.Hec.469
ζεύγνῡμι	A	I	1	a		Hdt.3.102
ζεύγνῡμι	A	I	1	a		E.Ion901
ζεύγνῡμι	A	I	1	a		Gal.9.938
ζεύγνῡμι	A	I	1	a		Pi.O.3.6
ζεύγνῡμι	A	I	1	a		Hdt.7.6
ζεύγνῡμι	A	I	1	a		A.Ag.842
ζεύγνῡμι	A	I	1	a		Pl.Plt.302e
ζεύγνῡμι	A	I	1	a		Pi.N.7.6
ζεύγνῡμι	A	I	1	a		E.Supp.822
ζεύγνῡμι	A	I	1	a		Pl.R.546c
ζεύγνῡμι	A	I	1	a		Il.18.276
ζεύγνῡμι	A	I	1	a		Hdt.4.85
ζεύγνῡμι	A	I	1	a		Hom.
ζεύγνῡμι	A	I	1	a	yoke, put to	Hom.
ζεύγνῡμι	A	I	1	a	yoke, put to	Il.23.130
ζεύγνῡμι	A	I	1	a	yoke, put to	24.14
ζεύγνῡμι	A	I	1	a	yoke, put to	783
ζεύγνῡμι	A	I	1	a	yoke, put to	A.Pr.462
ζεύγνῡμι	A	I	1	a	yoke, put to	Od.
ζεύγνῡμι	A	I	1	a	yoke, put to	Od.3.492
ζεύγνῡμι	A	I	1	a	yoke, put to	Il.24.281
ζεύγνῡμι	A	I	1	a	yoke, put to	E.Hec.469
ζεύγνῡμι	A	I	1	a	yoke, put to	Hdt.3.102
ζεύγνῡμι	A	I	1	a	yoke, put to	Pi.O.13.64
ζεύγνῡμι	A	I	1	a	yoke, put to	Ar.Pax128
ζεύγνῡμι	A	I	1	a	yoke, put to	135
ζεύγνῡμι	A	I	1	a	yoke, put to	Pi.P.10.65
ζεύγνῡμι	A	I	1	a	yoke, put to	E.Andr.1020
ζεύγνῡμι	A	I	1	a	yoke, put to	Id.Alc.428
ζεύγνῡμι	A	I	2	a	bind fast	X.An.3.5.10
ζεύγνῡμι	A	I	2	a	bind fast	E.El.317
ζεύγνῡμι	A	I	3	a	in the yoke of	Pi.N.7.6
ζεύγνῡμι	A	I	3	a	in the yoke of	A.Ch.795
ζεύγνῡμι	A	I	3	a	in the yoke of	S.Ph.1025
ζεύγνῡμι	A	I	3	a	in the yoke of	Id.Ant.955
ζεύγνῡμι	A	I	3	a	in the yoke of	E.Supp.220
ζεύγνῡμι	A	I	3	a	in the yoke of	Id.Med.735
ζεύγνῡμι	A	I	3	a	in the yoke of	Pl.Plt.302e
ζεύγνῡμι	A	I	3	a	in the yoke of	E.Supp.1229
ζεύγνῡμι	A	II	1	a	join together	Il.18.276
ζεύγνῡμι	A	II	1	a	join together	Hom.
ζεύγνῡμι	A	II	1	a	join together	1
ζεύγνῡμι	A	II	1	a	join together	Hp.Art.32
ζεύγνῡμι	A	II	1	a	join together	Hld.3.13
ζεύγνῡμι	A	II	2	a	join in wedlock	S.Fr.583.11
ζεύγνῡμι	A	II	2	a	join in wedlock	E.IA698
ζεύγνῡμι	A	II	2	a	join in wedlock	App.BC2.14
ζεύγνῡμι	A	II	2	a	join in wedlock	Ath.12.554d
ζεύγνῡμι	A	II	2	a	join in wedlock	E.Alc.994
ζεύγνῡμι	A	II	2	a	join in wedlock	Id.Tr.676
ζεύγνῡμι	A	II	2	a	join in wedlock	Id.Ph.1366
ζεύγνῡμι	A	II	2	a	join in wedlock	Id.Ba.468
ζεύγνῡμι	A	II	2	a	join in wedlock	S.Tr.536
ζεύγνῡμι	A	II	2	a	join in wedlock	Id.OT826
ζεύγνῡμι	A	II	2	a	join in wedlock	E.IA907
ζεύγνῡμι	A	II	2	a	join in wedlock	Id.El.99
ζεύγνῡμι	A	II	2	a	join in wedlock	Id.Supp.822
ζεύγνῡμι	A	II	2	a	join in wedlock	Pi.N.1.7
ζεύγνῡμι	A	II	2	a	join in wedlock	I.1.6
ζεύγνῡμι	A	II	3	a	join	Hdt.1.206
ζεύγνῡμι	A	II	3	a	join	Id.7.33
ζεύγνῡμι	A	II	3	a	join	Lys.2.29
ζεύγνῡμι	A	II	3	a	join	A.Pers.722
ζεύγνῡμι	A	II	3	a	join	Hdt.4.83
ζεύγνῡμι	A	II	3	a	join	Id.7.6
ζεύγνῡμι	A	II	3	a	join	34
ζεύγνῡμι	A	II	3	a	join	X.An.1.2.5
ζεύγνῡμι	A	II	3	b		Hdt.1.205
ζεύγνῡμι	A	II	3	b		4.85
ζεύγνῡμι	A	II	3	b		118
ζεύγνῡμι	A	II	4	a	furnish	111
ζεύγνῡμι	A	II	4	a	furnish	Hes.Fr.76.6
ζεύγνῡμι	A	II	4	a	furnish	Th.1.29
ζεύγνῡμι	A	II	5	a	pair	Arr.Epict.1.29.37
ζεύγνῡμι	A	II	6	a	join	SIG742.44
ζευγοποιία	A	I	1	a	the making of mouthpieces for double flutes	Thphr.HP4.11.6
ζεῦγος	A	I	1	a	yoke of beasts, pair	Il.18.543
ζεῦγος	A	I	1	a	yoke of beasts, pair	IG5(2).3.1
ζεῦγος	A	I	1	a	yoke of beasts, pair	Arc.
ζεῦγος	A	I	1	a	yoke of beasts, pair	And.4.26
ζεῦγος	A	I	2	a	carriage drawn by a yoke of beasts, a chariot	Hdt.1.31
ζεῦγος	A	I	2	a	carriage drawn by a yoke of beasts, a chariot	199
ζεῦγος	A	I	2	a	carriage drawn by a yoke of beasts, a chariot	And.1.45
ζεῦγος	A	I	2	a	carriage drawn by a yoke of beasts, a chariot	Hyp.Lyc.5
ζεῦγος	A	I	2	a	carriage drawn by a yoke of beasts, a chariot	SIG124
ζεῦγος	A	I	2	a	carriage drawn by a yoke of beasts, a chariot	Th.4.128
ζεῦγος	A	I	2	a	carriage drawn by a yoke of beasts, a chariot	Id.5.50
ζεῦγος	A	I	2	a	carriage drawn by a yoke of beasts, a chariot	A.Fr.346
ζεῦγος	A	I	2	a	carriage drawn by a yoke of beasts, a chariot	Pl.Ap.36d
ζεῦγος	A	I	2	a	carriage drawn by a yoke of beasts, a chariot	Plu.2.146d
ζεῦγος	A	I	2	a	carriage drawn by a yoke of beasts, a chariot	Id.Ant.6
ζεῦγος	A	I	2	a	carriage drawn by a yoke of beasts, a chariot	D.21.158
ζεῦγος	A	II	1	a	pair	Hdt.3.76
ζεῦγος	A	II	1	a	pair	130
ζεῦγος	A	II	1	a	pair	A.Ag.44
ζεῦγος	A	II	1	a	pair	Ar.Eq.872
ζεῦγος	A	II	1	a	pair	Herod.7.51
ζεῦγος	A	II	1	a	pair	BGU1050.9
ζεῦγος	A	II	1	a	pair	IG12.313.23
ζεῦγος	A	II	1	a	pair	SIG245
ζεῦγος	A	II	1	a	pair	Gi36
ζεῦγος	A	II	1	a	pair	IG12.313.110
ζεῦγος	A	II	1	a	pair	Antiph.205
ζεῦγος	A	II	1	a	pair	Cerc.14
ζεῦγος	A	II	1	a	pair	X.Oec.7.18
ζεῦγος	A	II	1	a	pair	Luc.Am.11
ζεῦγος	A	II	1	a	pair	Plu.2.93d
ζεῦγος	A	II	1	a	pair	Luc.Syr.D.12
ζεῦγος	A	II	2	a	mouthpiece of a double flute	Thphr.HP4.11.4
ζεῦγος	A	II	2	a	mouthpiece of a double flute	6
ζεῦγος	A	II	3	a	suit	BGU814.9
ζεῦγος	A	III	1	a	more than two things	E.Fr.357
ζεῦγος	A	III	1	a	more than two things	Ar.Fr.576
ζεῦγος	A	III	1	a	more than two things	E.HF454
ζεῦγος	A	IV	1	a	jugerum,	Cod.Just.10.27.2.8
ζευγοτροφ-έω	A	I	1	a	keep a yoke of beasts	Poll.8.132
ζευγότροφ-ος	A	I	1	a	keeping a yoke of beasts,	IG22.1576.73
ζευγότροφ-ος	A	I	1	a	keeping a yoke of beasts,	Plu.Per.12
ζευγοφορέομαι	A	I	1	a	to be drawn by a yoke of oxen	Ph.
ζευγοφορέομαι	A	I	1	a	to be drawn by a yoke of oxen	Eus.PE1.10
ζευγῶχος	A	I	1	a	owner of a	IG4.742.8
ζευκ-τήρ	A	I	1	a	one who yokes	J.AJ12.4.6
ζευκ-τήρ	A	I	1	a	one who yokes	Hsch.
ζευκ-τήριος	A	I	1	a	fit for joining	A.Pers.736
ζευκ-τήριος	A	I	1	a	fit for joining	Id.Fr.382
ζευκ-τήριος	A	II	1	a	yoke	Id.Ag.529
ζευκ-τήριος	A	II	1	a	yoke	POxy.934.5
ζευκ-τήριος	A	II	1	a	yoke	11
ζευκ-τήριος	A	II	1	a	yoke	Act.Ap.27.40
ζευκ-τὴς	A	I	1	a		Hsch.
ζευκ-τὴς	A	I	1	a	junctor,	Hsch.
ζευκ-τὴς	A	I	1	a	junctor,	Gloss.
ζευκτός	A	I	1	a	yoked, harnessed	Plu.2.278b
ζευκτός	A	I	1	a	yoked, harnessed	Pl.Epigr.24.4
ζευκτός	A	I	1	a	yoked, harnessed	AP7.9
ζευκτός	A	I	1	a	yoked, harnessed	Damag.
ζευκτός	A	I	2	a	joined	Str.10.2.8
ζευκτός	A	II	1	a		1.2
ζευκτός	A	II	1	a		Sor.1.49
ζευκτός	A	II	1	a		Aët.9.30
ζευξίγᾰμος	A	I	1	a	she that yokes in marriage	Cat.Cod.Astr.1.173
ζευξίλεως	A	I	1	a	subjugator of men	S.Fr.133
ζεύξιππος	A	I	1	a	desultor, junctor,	Gloss.
ζεῦξις	A	I	1	a	yoking	Hdt.3.104
ζεῦξις	A	II	1	a	bridging	Id.4.88
ζεῦξις	A	II	1	a	bridging	Id.7.35
Ζεύς	A	I	1	a		IG12(3).1313
Ζεύς	A	I	1	a		1316
Ζεύς	A	I	1	a		Il.1.503
Ζεύς	A	I	1	a		BMus.Inscr.952
Ζεύς	A	I	1	a		Il.1.63
Ζεύς	A	I	1	a		Schwyzer80
Ζεύς	A	I	1	a		Il.1.578
Ζεύς	A	I	1	a		IG12.80.12
Ζεύς	A	I	1	a		Pi.O.13.106
Ζεύς	A	I	1	a		SIG9
Ζεύς	A	I	1	a		35
Ζεύς	A	I	1	a		JHS32.167
Ζεύς	A	I	1	a		Hom.
Ζεύς	A	I	1	a		Il.1.394
Ζεύς	A	I	1	a	dyaús	Il.1.394
Ζεύς	A	I	1	a	dyaús	A.Supp.162
Ζεύς	A	I	1	a	dyaús	Il.4.408
Ζεύς	A	I	1	a	dyaús	2.49
Ζεύς	A	I	1	a	dyaús	14.157
Ζεύς	A	I	1	a	dyaús	SIG1025.24
Ζεύς	A	I	1	a	dyaús	Aristarch.
Ζεύς	A	I	1	a	dyaús	Il.8.206
Ζεύς	A	I	1	a	dyaús	14.265
Ζεύς	A	I	1	a	dyaús	24.331
Ζεύς	A	I	1	a	dyaús	Hes.Th.884
Ζεύς	A	I	1	a	dyaús	GDI5024.23
Ζεύς	A	I	1	a	dyaús	77
Ζεύς	A	I	1	a	dyaús	5039.11
Ζεύς	A	I	1	a	dyaús	5145.12
Ζεύς	A	I	1	a	dyaús	SIG527.17
Ζεύς	A	I	1	a	dyaús	2.911
Ζεύς	A	I	1	a	dyaús	Pythag.
Ζεύς	A	I	1	a	dyaús	Porph.VP17
Ζεύς	A	I	1	a	dyaús	Ar.Av.570
Ζεύς	A	I	1	a	dyaús	Schwyzer696
Ζεύς	A	I	1	a	dyaús	Cerc.1.7
Ζεύς	A	I	1	a	dyaús	Philox.3.10
Ζεύς	A	I	1	a	dyaús	IG5(1).407
Ζεύς	A	I	1	a	dyaús	Lyr.Adesp.82
Ζεύς	A	I	1	a	dyaús	Call.Fr.10.6P.
Ζεύς	A	I	1	a	dyaús	24J.
Ζεύς	A	I	1	a	dyaús	FGrH63
Ζεύς	A	I	1	a	dyaús	Pherecyd.Syr.1
Ζεύς	A	I	1	a	dyaús	2
Ζεύς	A	I	1	a	dyaús	Choerob.in Theod.1.116
Ζεύς	A	I	1	a	dyaús	Hist.Num.2469
Ζεύς	A	I	1	a	dyaús	Rhinth.14
Ζεύς	A	I	1	a	dyaús	S.E.M.1.177
Ζεύς	A	I	1	a	dyaús	195
Ζεύς	A	I	1	a	dyaús	Aeschrio8.5
Ζεύς	A	I	1	a	dyaús	Ael.Dion.Fr.127
Ζεύς	A	I	1	a	dyaús	Ath.11.473b
Ζεύς	A	I	1	a	dyaús	Stoic.2.191
Ζεύς	A	I	1	a	dyaús	Paus.5.21.2
Ζεύς	A	I	1	a	dyaús	Alc.34
Ζεύς	A	I	1	a	dyaús	SIG93.34
Ζεύς	A	I	1	a	dyaús	Thphr.Char.14.12
Ζεύς	A	I	1	a	dyaús	Il.6.476
Ζεύς	A	I	1	a	dyaús	X.Cyr.2.2.10
Ζεύς	A	I	1	a	dyaús	Ar.Pl.1
Ζεύς	A	I	1	a	dyaús	A.Ch.246
Ζεύς	A	I	1	a	dyaús	Ar.V.323
Ζεύς	A	I	1	a	dyaús	Id.Nu.153
Ζεύς	A	I	1	a	dyaús	Hom.
Ζεύς	A	I	1	a	dyaús	Il.23.43
Ζεύς	A	I	1	a	dyaús	Od.20.339
Ζεύς	A	I	1	a	dyaús	Ar.V.193
Ζεύς	A	I	1	a	dyaús	Pl.R.426b
Ζεύς	A	I	1	a	dyaús	Ar.V.169
Ζεύς	A	I	1	a	dyaús	Id.Ach.88
Ζεύς	A	I	1	a	dyaús	X.Mem.2.7.14
Ζεύς	A	I	1	a	dyaús	Ar.V.217
Ζεύς	A	I	1	a	dyaús	Eq.319
Ζεύς	A	I	1	a	dyaús	Id.Av.130
Ζεύς	A	I	1	a	dyaús	X.An.5.7.32
Ζεύς	A	I	1	a	dyaús	Ar.Lys.986
Ζεύς	A	I	1	a	dyaús	Hdt.5.49
Ζεύς	A	II	1	a		Il.9.457
Ζεύς	A	II	1	a		S.OC1606
Ζεύς	A	II	1	a		SIG1024.25
Ζεύς	A	II	1	a		Pi.P.4.16
Ζεύς	A	II	1	a		OGI620
Ζεύς	A	II	1	a		Pers.Ahuramazda
Ζεύς	A	II	1	a		383.41
Ζεύς	A	III	1	a		Cratin.71
Ζεύς	A	III	1	a		Hdt.7.56
Ζεύς	A	III	1	a		Gorg.Fr.5a
Ζεύς	A	III	1	a		D.
Ζεύς	A	III	1	a		OGI245.10
Ζεύς	A	III	1	a		Opp.C.1.3
Ζεύς	A	III	1	a		IG7.2713.41
Ζεύς	A	III	1	a		AP9.307
Ζεύς	A	III	1	a		Phil.
Ζεύς	A	IV	1	a	planet Jupiter	Pl.Epin.987c
Ζεύς	A	IV	1	a	planet Jupiter	Arist.Mete.343b30
Ζεύς	A	IV	1	a	planet Jupiter	Placit.2.32.1
Ζεύς	A	IV	1	a	planet Jupiter	Cleom.2.7
Ζεύς	A	IV	1	a	planet Jupiter	D.C.37.19
Ζεύς	A	V	1	a		Pythag.
Ζεύς	A	V	1	a	monad,	Pythag.
Ζεύς	A	V	1	a	monad,	Theol.Ar.12
ζεφῠρ-ηί̈ς	A	I	1	a		Posidipp.
ζεφῠρ-ηί̈ς	A	I	1	a		Ath.7.318d
ζεφῠρ-ηί̈ς	A	I	2	a	of the god Zephyros	Nonn.D.37.335
ζεφῠρ-ηί̈ς	A	I	2	a	of the god Zephyros	47.341
ζεφῠρ-ίη	A	I	1	a	the west wind	Od.7.119
ζεφῠ́ρ-ιος	A	I	1	a	of the West	Id.CP2.3.1
ζεφῠ́ρ-ιος	A	I	1	a	of the West	Arist.HA618a7
ζεφῠ́ρ-ιος	A	I	1	a	of the West	Inscr.Délos290.166
ζεφῠ́ρ-ιος	A	I	1	a	of the West	IG12(5).126
ζεφῠ́ρ-ιος	A	II	1	a	wind	Arist.HA560a6
ζεφῠ́ρ-ιος	A	II	1	a	wind	GA749b1
ζεφῠ́ρ-ιος	A	III	1	a		Str.14.6.3
ζεφῠ́ρ-ιος	A	III	1	a		Ath.7.318d
ζεφῠ́ρ-ιος	A	III	1	a		S.
ζεφῠ́ρ-ιος	A	III	1	a		Str.6.1.7
ζεφῠρ-ίτης	A	I	1	a		Orph.H.81.1
ζεφῠρ-ίτης	A	I	1	a		111
ζεφῠρ-ίτης	A	I	1	a		Call.Epigr.6
ζεφῠρ-ίτης	A	I	1	a		1
Ζέφῠρος	A	I	1	a	westerly wind	Il.9.5
Ζέφῠρος	A	I	1	a	westerly wind	21.334
Ζέφῠρος	A	I	1	a	westerly wind	Od.5.332
Ζέφῠρος	A	I	1	a	westerly wind	19.206
Ζέφῠρος	A	I	1	a	westerly wind	5.295
Ζέφῠρος	A	I	1	a	westerly wind	14.458
Ζέφῠρος	A	I	1	a	westerly wind	Arist.Pr.946a17
Ζέφῠρος	A	I	1	a	westerly wind	943b21
Ζέφῠρος	A	I	1	a	westerly wind	Il.11.305
Ζέφῠρος	A	I	1	a	westerly wind	19.415
Ζέφῠρος	A	I	1	a	westerly wind	Arist.Mete.363b12
Ζέφῠρος	A	I	1	a	westerly wind	Mu.394b26
Ζέφῠρος	A	I	1	a	westerly wind	Id.Pol.1290a19
ζέω	A	I	1	a		Il.21.365
ζέω	A	I	1	a		Hes.Th.695
ζέω	A	I	1	a		S.OC434
ζέω	A	I	1	a		A.Pr.372
ζέω	A	I	1	a		Hdt.7.188
ζέω	A	I	1	a		Il.18.349
ζέω	A	I	1	a		Dsc.1.3
ζέω	A	I	1	a		Aret.CA1.2
ζέω	A	I	1	a		Gp.10.54.3
ζέω	A	I	1	a	boil, seethe	Gp.10.54.3
ζέω	A	I	1	a	boil, seethe	Il.18.349
ζέω	A	I	1	a	boil, seethe	Od.10.360
ζέω	A	I	1	a	boil, seethe	Il.21.362
ζέω	A	I	1	a	boil, seethe	E.Cyc.343
ζέω	A	I	1	a	boil, seethe	Hes.Th.695
ζέω	A	I	1	a	boil, seethe	847
ζέω	A	I	1	a	boil, seethe	Call.
ζέω	A	I	2	a	ferment	Hp.VM11
ζέω	A	I	2	a	ferment	Dsc.5.8
ζέω	A	I	3	a	boil	Hdt.7.188
ζέω	A	I	3	a	boil	AP7.208
ζέω	A	I	3	a	boil	Pl.Lg.773d
ζέω	A	I	3	b		S.OC434
ζέω	A	I	3	b		Pl.R.440c
ζέω	A	I	3	b		Hld.1.33
ζέω	A	I	4	a	boil up	Pl.Phd.113a
ζέω	A	I	4	a	boil up	Thphr.HP9.17.3
ζέω	A	I	4	a	boil up	APl.4.39
ζέω	A	I	4	a	boil up	Arab.
ζέω	A	I	4	a	boil up	Luc.Alex.59
ζέω	A	I	4	a	boil up	Id.Sat.26
ζέω	A	I	4	a	boil up	Lyc.690
ζέω	A	I	4	a	boil up	Aristid.1.142J.
ζέω	A	II	1	a	make to boil, boil	A.R.3.273
ζέω	A	II	1	a	make to boil, boil	AP7.385
ζέω	A	II	1	a	make to boil, boil	Phil.
ζέω	A	II	2	a	exhale	A.R.1.734
ζηλ-αῖος	A	I	1	a	jealous,	AP9.524.7
ζηλ-άς	A	I	1	a	paelex,	Gloss.
ζηλ-εύω	A	I	1	a		Democr.55
ζηλ-εύω	A	I	1	a		Simp.in Epict.p.56D.
ζηλ-έω	A	I	1	a		Eust.70.30
ζηλ-έω	A	I	1	a	to be zealous for	Eust.70.30
ζηλ-έω	A	I	1	a	to be zealous for	SIG734.7
ζήλ-η	A	I	1	a	female rival	X.Eph.2.11
ζήλ-η	A	I	1	a	female rival	Aristaenet.1.25
ζηλήμ-ων	A	I	1	a	jealous	Od.5.118
ζηλήμ-ων	A	I	1	a	jealous	Call.Dian.30
ζηλήμ-ων	A	I	1	a	jealous	Opp.C.3.191
ζηλήμ-ων	A	I	1	a	jealous	Musae.36
ζηλήμ-ων	A	I	1	a	jealous	37
ζηλήμ-ων	A	I	1	a	jealous	AP3.7
ζηλο-εοτήρ	A	I	1	a	giver of bliss,	AP9.524.7
ζηλο-μᾰνής	A	I	1	a	mad with jealousy	5.217
ζηλο-μᾰνής	A	I	1	a	mad with jealousy	Agath.
ζηλο-μᾰνής	A	I	1	a	mad with jealousy	Nonn.D.41.211
ζῆλος	A	I	1	a	jealousy	Hes.Op.195
ζῆλος	A	I	1	a	jealousy	S.OT1526
ζῆλος	A	I	1	a	jealousy	Democr.191
ζῆλος	A	I	1	a	jealousy	Lys.2.48
ζῆλος	A	I	1	a	jealousy	Pl.Phlb.47e
ζῆλος	A	I	1	a	jealousy	50c
ζῆλος	A	I	1	a	jealousy	Lg.679c
ζῆλος	A	I	1	a	jealousy	Id.R.550e
ζῆλος	A	I	1	a	jealousy	Id.Mx.242a
ζῆλος	A	I	1	a	jealousy	Arist.Rh.1388a30
ζῆλος	A	I	2	a	zeal for	S.OC943
ζῆλος	A	I	2	a	zeal for	Plu.Thes.25
ζῆλος	A	I	2	a	zeal for	Luc.Dem.Enc.57
ζῆλος	A	I	2	a	zeal for	PGrenf.1.1.13
ζῆλος	A	I	3	a	rivalry	E.Hec.352
ζῆλος	A	I	3	a	rivalry	Phld.Oec.p.66J.
ζῆλος	A	I	3	a	rivalry	Luc.Ind.17
ζῆλος	A	I	3	a	rivalry	Plu.Cor.4
ζῆλος	A	I	3	a	rivalry	Phld.Rh.2.53S.
ζῆλος	A	I	3	a	rivalry	Plu.Per.2
ζῆλος	A	I	3	a	rivalry	Str.14.2.27
ζῆλος	A	I	3	a	rivalry	Phld.Rh.2.54S.
ζῆλος	A	I	4	a	fervour, zeal	LXX4 Ki.19.31
ζῆλος	A	I	4	a	fervour, zeal	1 Ep.Cor.14.1
ζῆλος	A	I	4	a	fervour, zeal	Ep.Hebr.10.27
ζῆλος	A	I	5	a		Hes.Th.384
ζῆλος	A	II	1	a	pride, honour, glory	S.Aj.503
ζῆλος	A	II	1	a	pride, honour, glory	D.18.217
ζῆλος	A	II	1	a	pride, honour, glory	120
ζῆλος	A	II	1	a	pride, honour, glory	Id.23.64
ζῆλος	A	II	1	a	pride, honour, glory	18.273
ζῆλος	A	II	1	a	pride, honour, glory	60.33
ζῆλος	A	III	1	a	spirit	Plb.4.27.8
ζῆλος	A	III	1	a	spirit	Longin.7.4
ζῆλος	A	III	2	a	style	Str.14.1.41
ζῆλος	A	III	2	a	style	Plu.Ant.2
ζηλοτῠπ-έω	A	I	1	a	to be jealous of	Pl.Smp.213d
ζηλοτῠπ-έω	A	I	1	a	to be jealous of	Ath.12.532a
ζηλοτῠπ-έω	A	I	1	a	to be jealous of	POxy.472.11
ζηλοτῠπ-έω	A	I	1	a	to be jealous of	Plu.2.267d
ζηλοτῠπ-έω	A	I	1	a	to be jealous of	Demetr.Eloc.292
ζηλοτῠπ-έω	A	I	1	a	to be jealous of	Ph.1.141
ζηλοτῠπ-έω	A	I	2	a	envy	Cic.Att.13.18.2
ζηλοτῠπ-έω	A	I	2	a	envy	13.1
ζηλοτῠπ-έω	A	I	2	a	envy	Jul.Or.5.167c
ζηλοτῠπ-έω	A	II	1	a	regard with jealous anger	Aeschin.1.58
ζηλοτῠπ-έω	A	II	2	a	pretend to, affect	Id.3.211
ζηλοτῠπ-έω	A	II	2	a	pretend to, affect	Suid.
ζηλοτῠπ-έω	A	II	2	a	pretend to, affect	Plu.Arat.25
ζηλοτῠπ-ία	A	I	1	a	jealousy, rivalry, envy	Aeschin.3.81
ζηλοτῠπ-ία	A	I	1	a	jealousy, rivalry, envy	Com.Adesp.16.20D.
ζηλοτῠπ-ία	A	I	1	a	jealousy, rivalry, envy	Plu.Per.10
ζηλοτῠπ-ία	A	I	1	a	jealousy, rivalry, envy	Luc.Cal.2
ζηλοτῠπ-ία	A	I	1	a	jealousy, rivalry, envy	Plu.2.276b
ζηλοτῠπ-ία	A	I	1	a	jealousy, rivalry, envy	LXXNu.5.15
ζηλοτῠπ-ία	A	I	1	a	jealousy, rivalry, envy	Phld.Rh.2.139S.
ζηλότῠπ-ος	A	I	1	a	jealous	Ar.Pl.1016
ζηλότῠπ-ος	A	I	1	a	jealous	Men.Pk.409
ζηλότῠπ-ος	A	I	1	a	jealous	J.AJ5.8.2
ζηλότῠπ-ος	A	I	1	a	jealous	AP5.151
ζηλότῠπ-ος	A	I	1	a	jealous	Mel.
ζηλότῠπ-ος	A	I	1	a	jealous	Phld.Hom.p.41
ζηλότῠπ-ος	A	I	1	a	jealous	Str.14.1.20
ζηλότῠπ-ος	A	I	1	a	jealous	J.BJ1.22.3
ζηλότῠπ-ος	A	I	1	a	jealous	Aeschin.Socr.Oxy.1608.83
ζηλότῠπ-ος	A	I	1	a	jealous	Ael.VH12.16
ζηλότῠπ-ος	A	I	2	a	eager	Ptol.Tetr.62
ζηλ-όω	A	I	1	a	vie with, emulate	Th.2.37
ζηλ-όω	A	I	1	a	vie with, emulate	Pl.R.553a
ζηλ-όω	A	I	1	a	vie with, emulate	Michel1007.29
ζηλ-όω	A	I	1	a	vie with, emulate	Phld.Rh.1.125S.
ζηλ-όω	A	I	1	a	vie with, emulate	Th.2.64
ζηλ-όω	A	I	1	a	vie with, emulate	Hes.Op.23
ζηλ-όω	A	I	1	a	vie with, emulate	h.Cer.168
ζηλ-όω	A	I	1	a	vie with, emulate	223
ζηλ-όω	A	I	1	a	vie with, emulate	Theoc.6.27
ζηλ-όω	A	I	1	a	vie with, emulate	LXXSi.9.1
ζηλ-όω	A	I	1	a	vie with, emulate	1 Ep.Cor.13.4
ζηλ-όω	A	I	1	a	vie with, emulate	Act.Ap.7.9
ζηλ-όω	A	I	1	b	to be jealous for	LXXNu.11.29
ζηλ-όω	A	I	2	a	esteem	S.El.1027
ζηλ-όω	A	I	2	a	esteem	Isoc.4.91
ζηλ-όω	A	I	2	a	esteem	Ar.Ach.1008
ζηλ-όω	A	I	2	a	esteem	Id.Eq.837
ζηλ-όω	A	I	2	a	esteem	Id.V.1450
ζηλ-όω	A	I	2	a	esteem	X.Smp.4.45
ζηλ-όω	A	I	2	a	esteem	IG12(5).860.47
ζηλ-όω	A	I	2	a	esteem	S.Aj.552
ζηλ-όω	A	I	2	a	esteem	A.Pr.332
ζηλ-όω	A	I	2	a	esteem	X.HG6.5.45
ζηλ-όω	A	I	2	a	esteem	S.Fr.584
ζηλ-όω	A	I	2	a	esteem	A.Pers.712
ζηλ-όω	A	I	2	a	esteem	E.Or.521
ζηλ-όω	A	I	2	a	esteem	Id.Med.60
ζηλ-όω	A	I	2	a	esteem	Th.5.105
ζηλ-όω	A	I	2	a	esteem	Pl.Phdr.232a
ζηλ-όω	A	II	1	a	desire emulously, strive after, affect	D.2.15
ζηλ-όω	A	II	1	a	desire emulously, strive after, affect	Id.20.141
ζηλ-όω	A	II	1	a	desire emulously, strive after, affect	Epicur.Ep.2p.53U.
ζηλ-όω	A	II	1	a	desire emulously, strive after, affect	PSI1.94.9
ζηλ-όω	A	II	1	a	desire emulously, strive after, affect	Cod.Just.1.1.3.2
ζηλ-όω	A	II	1	a	desire emulously, strive after, affect	Lys.2.26
ζηλ-όω	A	II	1	a	desire emulously, strive after, affect	Arist.Rh.1360b34
ζηλ-όω	A	III	1	a	pay zealous court to,	Ep.Gal.4.17
ζηλ-όω	A	III	1	a	pay zealous court to,	18
ζήλ-ωμα	A	I	1	a	that which is emulated: object of envy	Phld.Rh.2.27S.
ζήλ-ωμα	A	I	1	a	that which is emulated: object of envy	E.IT379
ζήλ-ωμα	A	I	1	a	that which is emulated: object of envy	D.H.7.55
ζήλ-ωμα	A	II	1	a	emulous efforts, rivalries	Aeschin.1.191
ζήλ-ωμα	A	II	1	a	emulous efforts, rivalries	AP7.219
ζήλ-ωμα	A	II	1	a	emulous efforts, rivalries	Pomp.
ζήλ-ωμα	A	II	1	a	emulous efforts, rivalries	D.19.260
ζήλ-ωμα	A	II	2	a	emulation	App.BC5.113
ζήλ-ωμα	A	II	2	a	emulation	Lyc.355
ζήλ-ωμα	A	II	2	a	emulation	Max.Tyr.7.7
ζήλ-ωσις	A	I	1	a	emulation, imitation	Th.1.132
ζήλ-ωσις	A	I	1	a	emulation, imitation	Longin.13.2
ζήλ-ωσις	A	I	1	a	emulation, imitation	Max.Tyr.7.9
ζήλ-ωσις	A	II	1	a	zealous pursuit	Ph.1.362
ζήλ-ωσις	A	II	1	a	zealous pursuit	468
ζήλ-ωσις	A	III	1	a	jealousy	LXXNu.5.14
ζηλ-ωτέος	A	I	1	a	to be emulated	D.L.5.74
ζηλ-ωτέος	A	II	1	a	one must emulate	Plb.4.27.8
ζηλ-ωτέος	A	II	1	a	one must emulate	Plu.2.12a
ζηλ-ωτέος	A	II	1	a	one must emulate	2
ζηλ-ωτέος	A	II	2	a	one must strive after	Ath.
ζηλ-ωτέος	A	II	2	a	one must strive after	Orib.
ζηλ-ωτέος	A	II	2	a	one must strive after	21.18
ζηλ-ωτής	A	I	1	a	emulator, zealous admirer	Isoc.1.11
ζηλ-ωτής	A	I	1	a	emulator, zealous admirer	Pl.Prt.343a
ζηλ-ωτής	A	I	1	a	emulator, zealous admirer	Aeschin.2.166
ζηλ-ωτής	A	I	1	a	emulator, zealous admirer	171
ζηλ-ωτής	A	I	1	a	emulator, zealous admirer	SIG675.27
ζηλ-ωτής	A	I	1	a	emulator, zealous admirer	Phld.Rh.2.262S.
ζηλ-ωτής	A	I	1	a	emulator, zealous admirer	1 Ep.Cor.14.12
ζηλ-ωτής	A	I	1	a	emulator, zealous admirer	IG7.2712.99
ζηλ-ωτής	A	I	1	a	emulator, zealous admirer	Muson.Fr.8p.37H.
ζηλ-ωτής	A	I	1	a	emulator, zealous admirer	Sthenid.
ζηλ-ωτής	A	I	1	a	emulator, zealous admirer	Stob.4.7.63
ζηλ-ωτής	A	I	1	a	emulator, zealous admirer	Luc.Hist.Conscr.15
ζηλ-ωτής	A	I	1	a	emulator, zealous admirer	Herm.14
ζηλ-ωτής	A	I	1	a	emulator, zealous admirer	Epicur.Nat.70G.
ζηλ-ωτής	A	I	2	a	jealous	LXXEx.20.5
ζηλ-ωτής	A	II	1	a	zealot	Ev.Luc.6.15
ζηλ-ωτής	A	II	1	a	zealot	Act.Ap.1.13
ζηλ-ωτής	A	II	1	a	zealot	J.BJ4.3.9
ζηλ-ωτής	A	II	1	a	zealot	Id.AJ12.6.2
ζηλ-ωτής	A	II	1	a	zealot	LXX2 Ma.4.2
ζηλ-ωτικός	A	I	1	a	emulous	Arist.Rh.1388a36
ζηλ-ωτικός	A	I	1	a	emulous	Ptol.Tetr.167
ζηλ-ωτικός	A	I	1	a	emulous	Arist.Rh.1388b9
ζηλ-ωτικός	A	I	1	a	emulous	Ph.1.135
ζηλ-ωτός	A	I	1	a	enviable	Pl.Hp.Mi.368b
ζηλ-ωτός	A	I	1	a	enviable	D.22.72
ζηλ-ωτός	A	I	1	a	enviable	Isoc.6.95
ζηλ-ωτός	A	I	1	a	enviable	Lycurg.Fr.97
ζηλ-ωτός	A	I	2	a	to be deemed happy, to beenvied	Thgn.455
ζηλ-ωτός	A	I	2	a	to be deemed happy, to beenvied	S.Ant.1161
ζηλ-ωτός	A	I	2	a	to be deemed happy, to beenvied	A.Pers.710
ζηλ-ωτός	A	I	2	a	to be deemed happy, to beenvied	E.Med.1035
ζηλ-ωτός	A	I	2	a	to be deemed happy, to beenvied	Pl.Smp.197d
ζηλ-ωτός	A	I	2	a	to be deemed happy, to beenvied	Isoc.5.69
ζηλ-ωτός	A	I	2	a	to be deemed happy, to beenvied	Pi.O.7.6
ζηλ-ωτός	A	I	2	a	to be deemed happy, to beenvied	Plu.Pomp.61
ζηλ-ωτός	A	I	2	a	to be deemed happy, to beenvied	Id.Luc.38
ζηλ-ωτός	A	I	3	a	enviable, blessed	Simon.71
ζηλ-ωτός	A	I	3	a	enviable, blessed	E.Med.243
ζηλ-ωτός	A	I	3	a	enviable, blessed	Arist.Fr.675
ζηλ-ωτός	A	I	3	a	enviable, blessed	Ar.Nu.464
ζηλ-ωτός	A	I	3	a	enviable, blessed	Plu.2.289b
ζημία	A	I	1	a	loss, damage	Epich.148
ζημία	A	I	1	a	loss, damage	Lys.7.12
ζημία	A	I	1	a	loss, damage	Pl.Lg.835b
ζημία	A	I	1	a	loss, damage	Arist.EN1132b12
ζημία	A	I	1	a	loss, damage	S.Fr.807
ζημία	A	I	1	a	loss, damage	D.11.11
ζημία	A	I	1	a	loss, damage	Ar.Pl.1124
ζημία	A	I	1	a	loss, damage	Is.6.20
ζημία	A	I	1	a	loss, damage	1.2
ζημία	A	I	1	a	loss, damage	Pl.Lg.
ζημία	A	I	1	a	loss, damage	Isoc.3.50
ζημία	A	I	1	a	loss, damage	Is.7.23
ζημία	A	I	1	a	loss, damage	PFlor.142.8
ζημία	A	I	2	a	delict	Is.6.20
ζημία	A	I	2	a	delict	Hyp.Ath.22
ζημία	A	II	1	a	penalty	Hdt.2.65
ζημία	A	II	1	a	penalty	PHal.1.195
ζημία	A	II	1	a	penalty	Pl.Lg.774e
ζημία	A	II	1	a	penalty	Hdt.3.52
ζημία	A	II	1	a	penalty	D.24.83
ζημία	A	II	1	a	penalty	Pl.Lg.862d
ζημία	A	II	1	a	penalty	Th.3.70
ζημία	A	II	1	a	penalty	Plu.Lys.27
ζημία	A	II	1	a	penalty	Id.Arist.4
ζημία	A	II	2	a	penalty	Hdt.1.144
ζημία	A	II	2	a	penalty	Id.2.136
ζημία	A	II	2	a	penalty	X.Vect.4.21
ζημία	A	II	2	a	penalty	A.Pr.331
ζημία	A	II	2	a	penalty	384
ζημία	A	II	2	a	penalty	Th.2.24
ζημία	A	II	2	a	penalty	3.44
ζημία	A	II	2	a	penalty	D.20.135
ζημία	A	II	2	a	penalty	Hdt.2.38
ζημία	A	II	2	a	penalty	65
ζημία	A	II	2	a	penalty	Pl.Prt.325b
ζημία	A	II	2	a	penalty	Th.3.45
ζημία	A	II	2	a	penalty	Pl.Tht.176d
ζημία	A	II	2	a	penalty	Lg.860e
ζημία	A	II	2	b	expense	SIG717.81
ζημία	A	II	2	b	expense	PLond.5.1660.10
ζημία	A	II	2	b	expense	1674.23
ζημία	A	III	1	a	bad bargain	X.Mem.2.3.2
ζημία	A	III	1	a	bad bargain	Ar.Ach.737
ζημία	A	III	1	a	bad bargain	Alciphr.3.21
ζημία	A	III	1	a	bad bargain	38
ζημία	A	III	1	a	bad bargain	Alex.56.6
ζημιάζω	A	I	1	a	damno,	Gloss.
ζημιο-πρακτέω	A	I	1	a	exact punishment from	PTaur.7.7
ζημιό-ψῡχος	A	I	1	a	damnatissimus,	Gloss.
ζημι-όω	A	I	1	a		Lys.1.48
ζημι-όω	A	I	1	a		E.Or.578
ζημι-όω	A	I	1	a		Th.2.65
ζημι-όω	A	I	1	a		D.21.49
ζημι-όω	A	I	1	a		Lys.29.4
ζημι-όω	A	I	1	a		Is.10.16
ζημι-όω	A	I	1	a		X.Mem.3.9.12
ζημι-όω	A	I	1	a		Hdt.7.39
ζημι-όω	A	I	1	a		And.1.72
ζημι-όω	A	I	1	a		Th.3.40
ζημι-όω	A	I	1	a		Isoc.18.37
ζημι-όω	A	I	1	a		D.1.27
ζημι-όω	A	I	1	a		Arist.Pol.1320a10
ζημι-όω	A	I	1	a		Pl.Lg.855b
ζημι-όω	A	I	1	a		Isoc.15.160
ζημι-όω	A	I	1	a		Din.3.16
ζημι-όω	A	I	1	a		Arist.Rh.1372b8
ζημι-όω	A	I	1	a	cause loss	Arist.Rh.1372b8
ζημι-όω	A	I	1	a	cause loss	Lys.30.25
ζημι-όω	A	I	1	a	cause loss	Ael.VH3.23
ζημι-όω	A	I	1	a	cause loss	Pl.Lg.846a
ζημι-όω	A	I	1	a	cause loss	Isoc.6.5
ζημι-όω	A	I	1	a	cause loss	X.Cyr.3.1.30
ζημι-όω	A	I	1	a	cause loss	Th.3.40
ζημι-όω	A	I	1	a	cause loss	Pl.Lg.916e
ζημι-όω	A	I	1	a	cause loss	Id.Grg.490c
ζημι-όω	A	II	1	a	fine, mulct in	Hdt.6.21
ζημι-όω	A	II	1	a	fine, mulct in	136
ζημι-όω	A	II	1	a	fine, mulct in	Th.2.65
ζημι-όω	A	II	1	a	fine, mulct in	Pl.Lg.936a
ζημι-όω	A	II	1	a	fine, mulct in	Lycurg.Fr.40
ζημι-όω	A	II	1	a	fine, mulct in	Lyd.Mag.2.19
ζημι-όω	A	II	1	a	fine, mulct in	Antipho2.4.7
ζημι-όω	A	II	1	a	fine, mulct in	Pl.Lg.
ζημι-όω	A	II	1	a	fine, mulct in	766d
ζημι-όω	A	II	1	a	fine, mulct in	855b
ζημι-όω	A	II	1	a	fine, mulct in	774b
ζημι-όω	A	II	1	a	fine, mulct in	Arist.Fr.476
ζημι-όω	A	II	1	a	fine, mulct in	PFlor.142.8
ζημι-όω	A	II	1	a	fine, mulct in	Hdt.7.39
ζημι-όω	A	II	1	a	fine, mulct in	Ev.Matt.16.26
ζημι-όω	A	II	1	a	fine, mulct in	Ev.Luc.9.25
ζημι-όω	A	II	1	a	fine, mulct in	Ael.NA10.1
ζημι-όω	A	II	2	a	punish	Hdt.7.35
ζημι-όω	A	II	2	a	punish	Id.9.77
ζημι-όω	A	II	2	a	punish	Id.3.27
ζημι-όω	A	II	2	a	punish	Th.4.65
ζημι-όω	A	II	2	a	punish	8.74
ζημι-όω	A	II	2	a	punish	Lys.31.26
ζημι-όω	A	II	2	a	punish	Antipho3.3.9
ζημι-όω	A	II	2	a	punish	PTeb.5.92
ζημι-όω	A	II	2	a	punish	Pl.Plt.297e
ζημι-όω	A	II	2	a	punish	Id.Lg.721b
ζημι-ώδης	A	I	1	a	causing loss, ruinous	Id.Cra.417d
ζημι-ώδης	A	I	1	a	causing loss, ruinous	Lg.650a
ζημι-ώδης	A	I	1	a	causing loss, ruinous	X.Mem.3.4.11
ζημι-ώδης	A	I	1	a	causing loss, ruinous	Poll.8.147
ζημί-ωμα	A	I	1	a	penalty, fine	Luc.Prom.13
ζημί-ωμα	A	I	1	a	penalty, fine	Sammelb.5174.13
ζημί-ωμα	A	I	1	a	penalty, fine	X.HG3.1.9
ζημί-ωμα	A	I	1	a	penalty, fine	Pl.Lg.764c
ζημί-ωμα	A	I	2	a	loss	BGU419.13
ζημί-ωμα	A	I	2	a	loss	D.C.52.33
ζημί-ωσις	A	I	1	a	infliction of penalties	Arist.Pol.1300b22
ζημι-ωτής	A	I	1	a	one who punishes	A.Pr.77
ζημι-ωτής	A	I	1	a	one who punishes	Eust.1833.53
ζημι-ωτικός	A	I	1	a	likely to suffer loss	Vett.Val.67.19
Ζήν	A	I	1	a	rain	PMag.Par.1.225
Ζηνοδότειος	A	I	1	a	of the School of Zenodotus	D.L.2.15
Ζηνοδοτήρ	A	I	1	a	giver of Zeus	AP9.525.7
Ζηνοποσειδῶν	A	I	1	a	Zeus-Poseidon	Ath.8.337c
Ζηνοποσειδῶν	A	I	1	a	Zeus-Poseidon	2.42a
Ζηνοποσειδῶν	A	I	1	a	Zeus-Poseidon	CIG2700a
Ζηνοποσειδῶν	A	I	1	a	Zeus-Poseidon	GDI5163b12
ζῆνος	A	I	1	a	made of spelt	UPZ94.1
Ζηνόφρων	A	I	1	a	knowing the mind of Zeus	AP9.525.7
Ζηνώνειος	A	I	1	a	of Zeno	D.L.1.19
Ζηνώνειος	A	I	1	a	of Zeno	Ph.2.460
Ζηνώνειος	A	I	1	a	of Zeno	D.L.7.5
Ζηνώνειος	A	I	1	a	of Zeno	Cerc.9.16
ζῆσις	A	I	1	a	vitalization	Dam.Pr.83b
ζῆτα	A	I	1	a	the letter	Pl.Cra.419b
ζῆτα	A	I	1	a	the letter	POxy.930.15
ζῆτα	A	I	1	a	the letter	Epigr.Gr.1095
ζητᾰρετησιάδης	A	I	1	a	virtue-seeker	Hegesand.2
ζητ-έω	A	I	1	a		Il.14.258
ζητ-έω	A	I	1	a		Hom.
ζητ-έω	A	I	1	a		Isoc.16.14
ζητ-έω	A	I	1	a		Din.2.19
ζητ-έω	A	I	1	a		LongusProoem.2
ζητ-έω	A	I	1	a		S.E.P.1.60
ζητ-έω	A	I	1	a		M.8.16
ζητ-έω	A	I	1	a		1.28
ζητ-έω	A	I	1	a		Gal.1.649
ζητ-έω	A	I	1	a	seek, seek for	Gal.1.649
ζητ-έω	A	I	1	a	seek, seek for	A.Pr.318
ζητ-έω	A	I	1	a	seek, seek for	264
ζητ-έω	A	I	1	a	seek, seek for	Ar.Pl.105
ζητ-έω	A	I	1	a	seek, seek for	X.Ages.8.1
ζητ-έω	A	I	1	a	seek, seek for	S.OT110
ζητ-έω	A	I	2	a	inquire for	IG12.91.11
ζητ-έω	A	I	2	a	inquire for	X.An.2.3.2
ζητ-έω	A	I	2	a	inquire for	Id.Cyr.8.5.13
ζητ-έω	A	I	3	a	search after, search out	S.OT266
ζητ-έω	A	I	3	a	search after, search out	Th.6.27
ζητ-έω	A	I	3	a	search after, search out	X.Cyn.6.25
ζητ-έω	A	I	4	a	search	X.Mem.1.1.15
ζητ-έω	A	I	4	a	search	Pl.Ap.23b
ζητ-έω	A	I	4	a	search	Id.Men.79d
ζητ-έω	A	I	4	a	search	Id.Tht.201a
ζητ-έω	A	I	4	a	search	Arist.Top.110a7
ζητ-έω	A	I	4	a	search	Str.2.1.18
ζητ-έω	A	I	4	a	search	A.D.Adv.188.13
ζητ-έω	A	I	4	a	search	Din.1.8
ζητ-έω	A	I	4	a	search	10
ζητ-έω	A	I	4	a	search	55
ζητ-έω	A	I	4	a	search	Pl.Phlb.27c
ζητ-έω	A	I	4	a	search	Luc.Lex.17
ζητ-έω	A	I	5	a	require, demand	D.4.33
ζητ-έω	A	I	5	a	require, demand	Heliod.
ζητ-έω	A	I	5	a	require, demand	Orib.46.7.3
ζητ-έω	A	II	1	a	seek after, desire	E.Alc.203
ζητ-έω	A	II	1	a	seek after, desire	S.OT659
ζητ-έω	A	II	1	a	seek after, desire	Thphr.HP8.11.8
ζητ-έω	A	II	1	a	seek after, desire	PMag.Par.1.3086
ζητ-έω	A	II	1	a	seek after, desire	3114
ζητ-έω	A	II	2	a	seek to	Hdt.3.137
ζητ-έω	A	II	2	a	seek to	A.Pr.776
ζητ-έω	A	II	2	a	seek to	Ar.Pl.370
ζητ-έω	A	II	2	a	seek to	Pl.Prt.322b
ζητ-έω	A	II	2	a	seek to	Men.90e
ζητ-έω	A	II	2	a	seek to	SIG372.7
ζητ-έω	A	II	2	a	seek to	Ar.Pl.573
ζητ-έω	A	II	2	a	seek to	Pl.R.443b
ζητ-έω	A	II	2	a	seek to	Chrm.172c
ζητ-έω	A	III	1	a	have to seek, feel the want of	Hdt.1.94
ζητ-έω	A	III	1	a	have to seek, feel the want of	Plu.Galb.8
ζητ-έω	A	III	1	a	have to seek, feel the want of	Epigr.Gr.215.3
ζήτ-ημα	A	I	1	a	that which is sought	Hp.VM3
ζήτ-ημα	A	I	1	a	that which is sought	E.Ba.1139
ζήτ-ημα	A	I	1	a	that which is sought	Secund.Sent.3
ζήτ-ημα	A	II	1	a	inquiry, question	S.OT278
ζήτ-ημα	A	II	1	a	inquiry, question	Act.Ap.15.2
ζήτ-ημα	A	II	1	a	inquiry, question	Pl.Lg.631a
ζήτ-ημα	A	II	1	a	inquiry, question	891c
ζήτ-ημα	A	II	1	a	inquiry, question	Metrod.Herc.831.13
ζήτ-ημα	A	II	1	a	inquiry, question	Pl.Cra.421a
ζήτ-ημα	A	II	1	a	inquiry, question	Id.Sph.221c
ζήτ-ημα	A	II	1	a	inquiry, question	E.Ba.1218
ζήτ-ημα	A	II	1	a	inquiry, question	Id.Ion1352
ζήτ-ημα	A	II	2	a	official	POxy.97.14
ζήτ-ημα	A	III	1	a	claims,	PRyl.117.14
ζήτ-ημα	A	III	1	a	claims,	SIG785.8
ζήτ-ημα	A	III	1	a	claims,	Act.Ap.25.19
ζητ-ηματικός	A	I	1	a		2
ζητ-ηματικός	A	I	1	a		p.212H.
ζητ-ησιμος	A	I	1	a	to be searched	X.Cyn.6.6
ζήτ-ησις	A	I	1	a	seeking, search for	Hdt.2.44
ζήτ-ησις	A	I	1	a	seeking, search for	Id.1.94
ζήτ-ησις	A	I	1	a	seeking, search for	2.54
ζήτ-ησις	A	I	1	a	seeking, search for	S.Tr.55
ζήτ-ησις	A	I	1	a	seeking, search for	Th.8.66
ζήτ-ησις	A	I	1	a	seeking, search for	Pl.Tht.196d
ζήτ-ησις	A	I	1	a	seeking, search for	Th.8.57
ζήτ-ησις	A	I	1	a	seeking, search for	Id.1.20
ζήτ-ησις	A	I	2	a	searching, examining	Hdt.6.118
ζήτ-ησις	A	I	2	a	searching, examining	Lys.12.30
ζήτ-ησις	A	I	2	a	searching, examining	Aeschin.1.43
ζήτ-ησις	A	I	3	a	inquiry, investigation	Pl.Cra.406a
ζήτ-ησις	A	I	3	a	inquiry, investigation	Ap.29c
ζήτ-ησις	A	I	3	a	inquiry, investigation	Id.Ti.47a
ζήτ-ησις	A	I	3	a	inquiry, investigation	Id.Phdr.244c
ζήτ-ησις	A	I	3	a	inquiry, investigation	Id.Phd.66d
ζήτ-ησις	A	I	3	a	inquiry, investigation	Phld.Rh.1.276S.
ζήτ-ησις	A	I	3	a	inquiry, investigation	2.185S.
ζήτ-ησις	A	I	4	a	judicial inquiry	Din.1.10
ζήτ-ησις	A	I	4	a	judicial inquiry	POxy.237 vi7
ζήτ-ησις	A	I	4	a	judicial inquiry	OGI629.9
ζητ-ητέος	A	I	1	a	to be sought	S.Aj.470
ζητ-ητέος	A	I	1	a	to be sought	Ar.Th.604
ζητ-ητέος	A	II	1	a	one must seek	Id.Nu.761
ζητ-ητέος	A	II	1	a	one must seek	Sannyr.8
ζητ-ητέος	A	II	1	a	one must seek	Pl.Phlb.58d
ζητ-ητήριον	A	I	1	a		Anon.
ζητ-ητήριον	A	I	1	a		Suid.
ζητ-ητής	A	I	1	a	seeker, inquirer	Pl.R.618c
ζητ-ητής	A	I	1	a	seeker, inquirer	Id.Chrm.175e
ζητ-ητής	A	II	1	a	commissioners to inquire into extraordinary offences	And.1.14
ζητ-ητής	A	II	1	a	commissioners to inquire into extraordinary offences	Lys.21.16
ζητ-ητής	A	II	1	a	commissioners to inquire into extraordinary offences	D.24.11
ζητ-ητής	A	II	1	a	commissioners to inquire into extraordinary offences	Pl.Com.125
ζητ-ητικός	A	I	1	a	disposed to search	Pl.Men.81e
ζητ-ητικός	A	I	1	a	disposed to search	Ptol.Tetr.6
ζητ-ητικός	A	I	1	a	disposed to search	Pl.Ax.366b
ζητ-ητικός	A	I	1	a	disposed to search	Id.R.528c
ζητ-ητικός	A	I	2	a	of search	D.L.3.49
ζητ-ητικός	A	I	2	a	of search	Arist.Pol.1265a12
ζητ-ητικός	A	I	2	a	of search	Procl.in Prm.p.515S.
ζητ-ητικός	A	I	3	a	the Sceptics	D.L.9.69
ζητ-ητικός	A	I	3	a	the Sceptics	70
ζητ-ητικός	A	I	3	a	the Sceptics	S.E.P.1.7
ζητ-ητός	A	I	1	a	sought for	S.OC389
ζήτρ-ειον	A	I	1	a	a place of punishment for slaves	Eup.19D.
ζήτρ-ειον	A	I	1	a	a place of punishment for slaves	Theopomp.Com.63
ζήτρ-ειον	A	I	1	a	a place of punishment for slaves	EM411.33
ζήτρ-ειον	A	I	1	a	a place of punishment for slaves	Eust.837.44
ζητρ-εύω	A	I	1	a		EM408.12
ζητρ-ός	A	I	1	a	executioner	Hsch.
ζήτωρ	A	I	1	a		Hsch.
ζήτωρ	A	I	1	a		Phot.
ζιβύνη	A	I	1	a		LXXIs.2.4
ζιβύνη	A	I	1	a		Ph.Bel.92.44
ζιβύνη	A	I	1	a		Porph.
ζιβύνη	A	I	1	a		Eus.PE3.12
ζιβύνη	A	I	1	a		Hsch.
ζιγγίβερις	A	I	1	a	Delph., Clit.	Dsc.
ζιγγίβερις	A	I	1	a	Delph., Clit.	Gal.
ζιγγίβερις	A	I	1	a	Delph., Clit.	Il.
ζιγγίβερις	A	I	1	a	Delph., Clit.	Dsc.2.160
ζιγγίβερις	A	I	1	a	Delph., Clit.	Gal.6.572
ζιγγίβερις	A	I	1	a	Delph., Clit.	11.880
ζίγγος	A	I	1	a	humming	Hsch.
ζιγγόω	A	I	1	a	drink	Nicostr.Com.38
ζιγνίς	A	I	1	a	lizard	Arist.HA604b24
ζιγνίς	A	I	1	a	lizard	Il.
ζιζάνιον	A	I	1	a		11
ζιζάνιον	A	I	1	a	darnel, Lolium temulentum,	11
ζιζάνιον	A	I	1	a	darnel, Lolium temulentum,	Gp.2.43
ζιζάνιον	A	I	1	a	darnel, Lolium temulentum,	EM411.46
ζιζάνιον	A	I	1	a	darnel, Lolium temulentum,	Ev.Matt.13.25
ζιζάνιον	A	I	1	a	darnel, Lolium temulentum,	Gp.10.87.1
ζιζουλά	A	I	1	a	jujube	Alex.Trall.6.5
ζίζῠφον	A	I	1	a	the jujube, Zizyphus vulgaris,	Gp.10.3.4
ζίζῠφον	A	I	1	a	the jujube, Zizyphus vulgaris,	9.4.3
ζίζῠφον	A	I	1	a	the jujube, Zizyphus vulgaris,	6.56
ζίλαι	A	I	1	a	shoe-latchet	Suid.
ζίλαι	A	I	1	a	shoe-latchet	Hsch.
ζίλαι	A	I	1	a	shoe-latchet	EM411.51
ζίλαι	A	I	1	a	shoe-latchet	Hsch.
ζίλαι	A	I	1	a	shoe-latchet	IG12(8).51.20
ζίλαι	A	I	1	a	shoe-latchet	Hsch.
ζόφ-εος	A	I	1	a		Nic.Al.501
ζοφ-ερός	A	I	1	a	dusky, gloomy	Hes.Th.814
ζοφ-ερός	A	I	1	a	dusky, gloomy	Hp.
ζοφ-ερός	A	I	1	a	dusky, gloomy	18
ζοφ-ερός	A	I	1	a	dusky, gloomy	p.33A.
ζοφ-ερός	A	I	1	a	dusky, gloomy	Chrysipp.Stoic.2.140
ζοφ-ερός	A	I	1	a	dusky, gloomy	Luc.Nigr.4
ζοφ-ερός	A	I	1	a	dusky, gloomy	Arist.Mir.843a25
ζοφ-ερός	A	I	1	a	dusky, gloomy	Hp.Virg.1
ζοφ-ερός	A	I	1	a	dusky, gloomy	Arist.de An.426b2
ζοφ-ερός	A	I	2	a		AP5.296.8
ζοφ-ερός	A	I	2	a		Agath.
ζοφο-δορπίδας	A	I	1	a	supping in the dark	Alc.37
ζοφο-δορπίδας	A	I	1	a	supping in the dark	Plu.2.726a
ζοφο-είδελος	A	I	1	a	dusky, gloomy	Nic.Th.657
ζοφο-ειδής	A	I	1	a	dark-coloured	Hp.Mul.1.11
ζοφο-ειδής	A	I	1	a	dark-coloured	Aret.SD2.13
ζοφο-μηνία	A	I	1	a		Hsch.
ζοφο-μηνία	A	I	1	a		Ind.Lect.Rost.1892
ζοφο-μηνία	A	I	1	a		3p.10
ζοφό-πνοια	A	I	1	a		Il.21.334
ζόφος	A	I	1	a	nether darkness	Od.20.356
ζόφος	A	I	1	a	nether darkness	11.155
ζόφος	A	I	1	a	nether darkness	Il.21.56
ζόφος	A	I	1	a	nether darkness	Ep.Jud.6
ζόφος	A	I	1	a	nether darkness	Il.15.191
ζόφος	A	I	1	a	nether darkness	Od.11.57
ζόφος	A	I	1	a	nether darkness	h.Cer.402
ζόφος	A	I	1	a	nether darkness	446
ζόφος	A	I	1	a	nether darkness	A.Pers.839
ζόφος	A	I	2	a	gloom, darkness	Hes.Sc.227
ζόφος	A	I	2	a	gloom, darkness	Plb.18.20.7
ζόφος	A	I	2	a	gloom, darkness	Arist.Mu.400a8
ζόφος	A	I	2	a	gloom, darkness	Ep.Hebr.12.18
ζόφος	A	I	2	a	gloom, darkness	Plu.Alc.28
ζόφος	A	I	2	a	gloom, darkness	Luc.DMort.15.2
ζόφος	A	I	2	a	gloom, darkness	Pi.I.4(3).18
ζόφος	A	I	2	a	gloom, darkness	Plu.2.48c
ζόφος	A	II	1	a	the dark quarter	Od.3.335
ζόφος	A	II	1	a	the dark quarter	10.190
ζόφος	A	II	1	a	the dark quarter	Il.12.240
ζόφος	A	II	1	a	the dark quarter	Od.13.241
ζόφος	A	II	1	a	the dark quarter	9.26
ζόφος	A	II	1	a	the dark quarter	Str.10.2.12
ζόφος	A	II	1	a	the dark quarter	Pi.N.4.69
ζοφ-όω	A	I	1	a	darken	Hld.2.15
ζοφ-όω	A	I	1	a	darken	AP6.92
ζοφ-όω	A	I	1	a	darken	Phil.
ζοφ-όω	A	I	1	a	darken	Luc.Philopatr.
ζοφ-όω	A	I	1	a	darken	4
ζοφ-ώδης	A	I	1	a		Hp.Coac.570
ζοφ-ώδης	A	I	1	a		Arist.Pr.944b22
ζοφ-ώδης	A	I	1	a		946a34
ζοφ-ώδης	A	I	1	a		312.32
ζοφ-ώδης	A	I	1	a		Thphr.Sign.12
ζοφ-ώδης	A	I	1	a		Str.1.2.9
ζοφ-ώδης	A	I	1	a		App.Hann.20
ζοφ-ώδης	A	I	1	a	opaque	App.Hann.20
ζοφ-ώδης	A	I	1	a	opaque	Cleom.1.4
ζόφ-ωσις	A	I	1	a	a darkening	E.Ph.1534
ζῠγάδην	A	I	1	a	jointly, in pairs	Ph.1.237
ζῠγάδην	A	I	1	a	jointly, in pairs	Phot.
ζῠγάδην	A	I	1	a	jointly, in pairs	Suid.
ζῠγάδιον	A	I	1	a	shoe	Suid.
ζύγαινα	A	I	1	a	the hammer-headed shark	Epich.59
ζύγαινα	A	I	1	a	the hammer-headed shark	Arist.HA506b10
ζύγαινα	A	I	1	a	the hammer-headed shark	Gal.6.727
ζύγαινα	A	I	1	a	the hammer-headed shark	Ael.NA9.49
ζύγαινα	A	I	1	a	the hammer-headed shark	Opp.H.1.367
ζῠγάρχ-ης	A	I	1	a	leader of a line of horsemen	Ascl.Tact.7.9
ζῠγάρχ-ης	A	I	1	a	leader of a line of horsemen	Ael.Tact.19.8
ζῠγάρχ-ης	A	I	1	a	leader of a line of horsemen	Ascl.
ζῠγαρχ-ία	A	I	1	a	detachment of two chariots	8
ζῠγαρχ-ία	A	I	1	a	detachment of two chariots	Ael.Tact.22.2
ζύγαστρον	A	I	1	a	chest, box	Phot.
ζύγαστρον	A	I	1	a	chest, box	S.Tr.692
ζύγαστρον	A	I	1	a	chest, box	X.Cyr.7.3.1
ζύγαστρον	A	I	2	a		SIG241.49
ζύγαστρον	A	I	2	a		146
ζύγαστρον	A	I	2	a		Delph.3(2).205
ζύγαστρον	A	I	2	a		Phot.
ζύγαστρον	A	I	3	a	fastenings	Theoc.7.78
ζῠγ-έω	A	I	1	a	march in line	Ascl.Tact.2.6
ζῠγ-έω	A	I	2	a	form a line	Plb.3.113.8
ζῠγ-ή	A	I	1	a	pair	PSI3.225.4
ζῠγ-ή	A	I	1	a	pair	5.481.4
ζῠγ-ηδόν	A	I	1	a	in pairs	Hld.10.27
ζῠγία	A	I	1	a	maple, Acer campestre	Thphr.HP3.3.1
ζῠγία	A	I	1	a	maple, Acer campestre	5.3.3
ζῠγία	A	I	1	a	maple, Acer campestre	Dicaearch.2.2
ζῠγία	A	I	1	a	maple, Acer campestre	Plin.HN16.67
ζῠγ-ιατής	A	I	1	a	jumentarius,	Gloss.
ζῠγ-ίζω	A	I	1	a		Suid.
ζῠγ-ικός	A	I	1	a	of	Nicom.Harm.2
ζῠ́γ-ιμος	A	I	1	a		1
ζῠ́γ-ιμος	A	I	1	a		Plb.34.8.9
ζῠ́γ-ινος	A	I	1	a	of the tree	Thphr.HP5.3.3
ζῠ́γ-ιον	A	I	1	a		111.1
ζῠ́γ-ιον	A	I	1	a		Callix.1
ζῠ́γ-ιον	A	I	1	a		Aq.
ζῠ́γ-ιον	A	I	1	a		Sm.Pr.11.1
ζῠ́γ-ιος	A	I	1	a	of	E.IA221
ζῠ́γ-ιος	A	I	1	a	of	Ar.Nu.122
ζῠ́γ-ιος	A	I	1	a	of	E.Hel.1310
ζῠ́γ-ιος	A	I	1	a	of	Milet.3
ζῠ́γ-ιος	A	I	1	a	of	149.45
ζῠ́γ-ιος	A	II	1	a		A.R.4.96
ζῠ́γ-ιος	A	II	1	a		Musae.275
ζῠ́γ-ιος	A	II	1	a		IG3.171
ζῠ́γ-ιος	A	II	1	a		AP7.555
ζῠ́γ-ιος	A	II	1	a		Hsch.
ζῠ́γ-ιος	A	III	1	a		Poll.1.87
ζῠ́γ-ιος	A	III	1	a		120
ζῠ́γ-ιος	A	III	1	a		IG22
ζῠ́γ-ιος	A	III	1	a		Polyaen.5.22.4
ζῠ́γ-ιος	A	IV	1	a	of full weight	Stud.Pal.20.121.18
ζῠγ-ίς	A	I	1	a		Dsc.3.38
ζῠγ-ίς	A	I	1	a		Ath.15.681f
ζῠγ-ίτης	A	I	1	a	the rower who sat on the mid-most of the three banks	Ar.Ra.1106
ζῠγῖτις	A	I	1	a		11
ζῠγῖτις	A	I	1	a		Nicom.
ζῠγῖτις	A	I	1	a		Phot.Bibl.p.144B.
ζῠγό-δεσμον	A	I	1	a		1
ζῠγό-δεσμον	A	I	1	a	yoke-band	1
ζῠγό-δεσμον	A	I	1	a	yoke-band	Il.24.270
ζῠγό-δεσμον	A	I	1	a	yoke-band	PFay.121.5
ζῠγό-δεσμον	A	I	1	a	yoke-band	Plu.Alex.18
ζῠγό-δεσμον	A	I	1	a	yoke-band	Procl.H.1.31
ζῠγό-δεσμον	A	I	1	a	yoke-band	AP9.155
ζῠγό-δεσμον	A	I	1	a	yoke-band	Agath.
ζῠγό-δεσμον	A	I	1	a	yoke-band	741
ζῠγό-δεσμον	A	I	1	a	yoke-band	Artem.2.24
ζῠγό-δεσμον	A	I	1	a	yoke-band	Them.Or.2.30b
ζῠγο-ειδής	A	I	1	a	like a yoke	Gal.14.721
ζῠγό-εις	A	I	1	a		Hsch.
ζῠγο-κέφᾰλον	A	I	1	a	tax on land at so much a jugum	CIG2712.5
ζῠγο-κέφᾰλον	A	I	1	a	tax on land at so much a jugum	Just.Nov.17.8
ζῠγο-κρούστης	A	I	1	a	one who uses a false balance	Artem.4.57
ζῠγό-λωρον	A	I	1	a		A.Pers.188
ζῠγο-μᾰχέω	A	I	1	a	struggle with one's yoke-fellow	App.Syr.33
ζῠγο-μᾰχέω	A	I	2	a	struggle, quarrel	Com.Adesp.207
ζῠγο-μᾰχέω	A	I	2	a	struggle, quarrel	Hyp.Fr.245
ζῠγο-μᾰχέω	A	I	2	a	struggle, quarrel	p.141
ζῠγο-μᾰχέω	A	I	2	a	struggle, quarrel	B.
ζῠγο-μᾰχέω	A	I	2	a	struggle, quarrel	Phld.Herc.223.8
ζῠγο-μᾰχέω	A	I	2	a	struggle, quarrel	D.39.6
ζῠγο-μᾰχέω	A	I	2	a	struggle, quarrel	Men.673
ζῠγο-μᾰχέω	A	I	2	a	struggle, quarrel	Plu.Cat.Ma.21
ζῠγο-μᾰχέω	A	I	2	a	struggle, quarrel	Chor.
ζῠγο-μᾰχέω	A	I	2	a	struggle, quarrel	Hermes17.235
ζῠγο-μᾰχέω	A	I	2	a	struggle, quarrel	Gal.10.963
ζῠγο-μᾰχία	A	I	1	a	quarrelling, strife	Aristaenet.1.2
ζῠγόν	A	I	1	a		LXXPr.11.1
ζῠγόν	A	I	1	a		Th.1.29
ζῠγόν	A	I	1	a	yoke	Il.5.799
ζῠγόν	A	I	1	a	yoke	23.392
ζῠγόν	A	I	1	a	yoke	5.731
ζῠγόν	A	I	1	a	yoke	Od.3.383
ζῠγόν	A	I	1	a	yoke	Hes.Op.815
ζῠγόν	A	I	1	a	yoke	581
ζῠγόν	A	I	1	a	yoke	Il.24.576
ζῠγόν	A	I	1	a	yoke	Aristaenet.2.7
ζῠγόν	A	I	1	a	yoke	Zen.3.43
ζῠγόν	A	I	1	a	yoke	Herod.6.12
ζῠγόν	A	I	2	a		h.Cer.217
ζῠγόν	A	I	2	a		Thgn.1023
ζῠγόν	A	I	2	a		Pi.P.2.93
ζῠγόν	A	I	2	a	the yoke	Pi.P.2.93
ζῠγόν	A	I	2	a	the yoke	Hdt.7.8
ζῠγόν	A	I	2	a	the yoke	A.Th.75
ζῠγόν	A	I	2	a	the yoke	471
ζῠγόν	A	I	2	a	the yoke	S.Aj.944
ζῠγόν	A	I	2	a	the yoke	E.Or.1330
ζῠγόν	A	I	2	a	the yoke	S.Ant.291
ζῠγόν	A	I	2	a	the yoke	X.Cyr.3.1.27
ζῠγόν	A	I	2	a	the yoke	Pl.R.508a
ζῠγόν	A	I	2	a	the yoke	Plb.4.82.2
ζῠγόν	A	I	2	a	the yoke	D.H.3.22
ζῠγόν	A	I	2	a	the yoke	D.C.Fr.36.10
ζῠγόν	A	I	2	a	the yoke	D.H.10.20
ζῠγόν	A	II	1	a	crossbar	Il.9.187
ζῠγόν	A	II	2	a		Gp.5.29.6
ζῠγόν	A	III	1	a	thwarts	Od.9.99
ζῠγόν	A	III	1	a	thwarts	13.21
ζῠγόν	A	III	1	a	thwarts	Hdt.2.96
ζῠγόν	A	III	1	a	thwarts	S.Aj.249
ζῠγόν	A	III	1	a	thwarts	E.Ion595
ζῠγόν	A	III	1	a	thwarts	Id.Ph.74
ζῠγόν	A	III	1	a	thwarts	A.Ag.1618
ζῠγόν	A	III	1	a	thwarts	PMasp.303.15
ζῠγόν	A	III	2	a	panels	IG12.372.199
ζῠγόν	A	III	2	a	panels	22.1457.14
ζῠγόν	A	III	2	a	panels	1672.155
ζῠγόν	A	IV	1	a	beam of the balance	A.Supp.822
ζῠγόν	A	IV	1	a	beam of the balance	Arist.Mech.850a4
ζῠγόν	A	IV	1	a	beam of the balance	Pl.Ti.63b
ζῠγόν	A	IV	1	a	beam of the balance	Id.R.55o
ζῠγόν	A	IV	1	a	beam of the balance	Lys.10.18
ζῠγόν	A	IV	1	a	beam of the balance	Pl.Prt.356b
ζῠγόν	A	IV	1	a	beam of the balance	D.Prooem.55
ζῠγόν	A	IV	1	a	beam of the balance	Id.25.46
ζῠγόν	A	IV	1	a	beam of the balance	SIG975.39
ζῠγόν	A	IV	1	a	beam of the balance	Pythag.
ζῠγόν	A	IV	1	a	beam of the balance	D.L.8.18
ζῠγόν	A	IV	1	b		Hipparch.3.1.5
ζῠγόν	A	IV	1	b		Ph.1.28
ζῠγόν	A	IV	1	b		Man.2.137
ζῠγόν	A	IV	1	b		Porph.Antr.22
ζῠγόν	A	V	1	a	yard-arm	Pi.N.5.51
ζῠγόν	A	V	1	a	yard-arm	Ach.Tat.5.16
ζῠγόν	A	VI	1	a	cross-strap	Ar.Lys.417
ζῠγόν	A	VI	1	a	cross-strap	Poll.7.81
ζῠγόν	A	VI	1	a	cross-strap	Phot.
ζῠγόν	A	VII	1	a	pair	E.Hel.392
ζῠγόν	A	VII	1	a	pair	Arist.HA544a5
ζῠγόν	A	VII	1	a	pair	Theoc.13.32
ζῠγόν	A	VIII	1	a	rank	Th.5.68
ζῠγόν	A	VIII	1	a	rank	Polyaen.4.4.3
ζῠγόν	A	VIII	1	a	rank	2.10.4
ζῠγόν	A	VIII	1	a	rank	Plb.1.45.9
ζῠγόν	A	VIII	1	a	rank	Id.3.81.2
ζῠγόν	A	VIII	1	a	rank	Ael.Tact.7.1
ζῠγόν	A	VIII	1	a	rank	Arr.Tact.8.1
ζῠγόν	A	VIII	1	a	rank	Poll.4.108
ζῠγόν	A	IX	1	a	even	Ar.Pl.817
ζῠγόν	A	X	1	a		SIG963.13
ζῠγοποι-έω	A	I	1	a	make yokes	Poll.7.115
ζῠγοποι-έω	A	I	1	a	make yokes	Ar.Pl.513
ζῠγοποι-ός	A	I	1	a	maker of yokes	Pherecr.130
ζῠγοσταθμ-έω	A	I	1	a		Lyc.270
ζῠγοσταθμ-έω	A	I	1	a		275
ζῠγόσταθμ-ος	A	I	1	a	balance	Plu.2.928b
ζῠγοστᾰσ-ία	A	I	1	a	weighing,	PGrenf.2.46a8
ζῠγοστᾰ́σ-ιον	A	I	1	a	weigh-house	CIG3705
ζῠγοστᾰ́σ-ιον	A	I	1	a	weigh-house	JRS2.87
ζῠγοστᾰ́σ-ιον	A	I	1	a	weigh-house	IGRom.4.657
ζῠγοστᾰ́σ-ιον	A	I	1	a	weigh-house	BGU337.20
ζῠγοστᾰ́σ-ιον	A	I	2	a	zygostasii munus	Cod.Just.11.28.1
ζῠγοστᾰτ-έω	A	I	1	a	weigh by the balance, weigh	Luc.Hist.Conscr.49
ζῠγοστᾰτ-έω	A	I	1	a	weigh by the balance, weigh	Alciphr.2.2
ζῠγοστᾰτ-έω	A	I	1	b	act as libripens	Chr.316ii4
ζῠγοστᾰτ-έω	A	II	1	a	to be in equilibrium	Plb.6.10.7
ζῠγοστᾰτ-έω	A	II	1	a	to be in equilibrium	Id.1.20.5
ζῠγοστᾰ́τ-ημα	A	I	1	a	balance	Eust.665.29
ζῠγοστᾰ́τ-ης	A	I	1	a	public weigher,	Cod.Just.10.73.2
ζῠγοστᾰ́τ-ης	A	I	1	a	public weigher,	Artem.2.37
ζῠγοστᾰ́τ-ης	A	I	1	a	public weigher,	Cerc.4.33
ζῠγό-ταυρον	A	I	1	a	yoke, pair of oxen,	PFlor.167.3
ζῠγό-ταυρον	A	I	1	a	yoke, pair of oxen,	256.3
ζῠγο-τράχηλον	A	I	1	a	neck-piece of yoke,	PLond.3.1177.190
ζῠγο-τρῡτάνη	A	I	1	a	balance	Phot.
ζῠγουλκός	A	I	1	a	drawing the yoke	Moschio
ζῠγουλκός	A	I	1	a	drawing the yoke	6.26
ζῠγοφορ-έω	A	I	1	a	weigh	Hsch.
ζῠγόφορ-ος	A	I	1	a	bearing the yoke	E.HF121
ζῠγόφορ-ος	A	I	1	a	bearing the yoke	Plu.2.524a
ζῠγόω	A	I	1	a	yoke, join together	Sor.1.84
ζῠγόω	A	I	1	a	yoke, join together	Luc.DDeor.7.4
ζῠγόω	A	I	1	a	yoke, join together	DMar.1.4
ζῠγόω	A	I	1	a	yoke, join together	Agatho4.2
ζῠγόω	A	I	1	a	yoke, join together	LXXEz.41.26
ζῠγόω	A	I	2	a	close	Paul.Aeg.6.67
ζῠγόω	A	I	2	a	close	Hp.Cord.12
ζῠγόω	A	I	3	a	bring under the yoke, subdue	A.Fr.115
ζύγρα	A	I	1	a	marsh-land	Eust.295.28
ζῠγ-ώδης	A	I	1	a		Lyd.Mens.2.12
ζῠγ-ώδης	A	I	1	a		Ph.1.22
ζῠγ-ωθρίζω	A	I	1	a	weigh, examine	Ar.Nu.745
ζῠγ-ωθρίζω	A	I	1	a	weigh, examine	Poll.10.26
ζῠ́γ-ωμα	A	I	1	a	bolt, bar	Plb.7.16.5
ζῠ́γ-ωμα	A	I	1	b	cross-rod	Apollod.Poliorc.177.8
ζῠ́γ-ωμα	A	II	1	a		111.1
ζῠ́γ-ωμα	A	II	1	a		Th.1.29
ζῠ́γ-ωμα	A	III	1	a	arcus zygomaticus	Gal.2.437
ζῠ́γ-ωμα	A	III	1	a	arcus zygomaticus	746
ζῠ́γ-ωμα	A	III	1	a	arcus zygomaticus	Poll.2.85
ζῠ́γ-ωμα	A	IV	1	a		11
ζῠ́γ-ωμα	A	IV	1	a		Ptol.Alm.7.5
ζῠ́γ-ωμα	A	V	1	a	canal-lock,	PFlor.273.20
ζῠ́γ-ωσις	A	I	1	a	a balancing	Callix.1
ζῠγ-ωτός	A	I	1	a	yoked	S.El.702
ζύθιον	A	I	1	a		Hsch.
ζύθιον	A	I	1	a		Ind.Lect.Rost.1892
ζύθιον	A	I	1	a		3p.12
ζῡθοπώλης	A	I	1	a	beer-seller,	POxy.85iv4
ζῦθος	A	I	1	a	beer	Thphr.CP6.11.2
ζῦθος	A	I	1	a	beer	Dsc.2.87
ζῦθος	A	I	1	a	beer	Str.17.1.14
ζῦθος	A	I	1	a	beer	D.S.1.34
ζῦθος	A	I	2	a	beer	Posidon.15J.
ζῦθος	A	I	2	a	beer	Str.3.3.7
ζῦθος	A	I	2	a	beer	D.S.5.26
ζῦθος	A	I	2	a	beer	Thphr.
ζῦθος	A	I	2	a	beer	Phot.
ζῦθος	A	I	2	a	beer	D.Chr.32.82
ζῦθος	A	I	2	a	beer	10.116
ζύμ-η	A	I	1	a	leaven	Arist.GA755a18
ζύμ-η	A	I	1	a	leaven	LXXEx.12.15
ζύμ-η	A	I	1	a	leaven	PTeb.375.27
ζύμ-η	A	I	1	a	leaven	16.6
ζυμ-ήεις	A	I	1	a	leavened	Hsch.
ζυμ-ίζω	A	I	1	a	to be like leaven	Dsc.2.80
ζυμ-ίτης	A	I	1	a	leavened	Cratin.99
ζυμ-ίτης	A	I	1	a	leavened	Hp.Vict.2.42
ζυμ-ίτης	A	I	1	a	leavened	3.75
ζυμ-ίτης	A	I	1	a	leavened	X.An.7.3.21
ζυμ-ίτης	A	I	1	a	leavened	LXXLe.7.3(13)
ζυμ-ίτης	A	I	1	a	leavened	Sor.1.94
ζυμ-ίτης	A	I	1	a	leavened	Philostr.Im.2.26
ζυμ-ίωσις	A	I	1	a		Zos.
ζυμ-ίωσις	A	I	1	a		p.216B.
ζῡμοειδής	A	I	1	a		Orib.4p.526D.
ζῡμ-ουργός	A	I	1	a	maker of leaven,	PAmh.2.128.29
ζῡμ-ουργός	A	I	1	a	maker of leaven,	PFay.333
ζῡμ-όω	A	I	1	a	leaven	1 Ep.Cor.5.6
ζῡμ-όω	A	I	1	a	leaven	LXXEx.12.34
ζῡμ-όω	A	I	1	a	leaven	39
ζῡμ-όω	A	I	1	a	leaven	Plu.2.659b
ζῡμ-όω	A	I	1	a	leaven	Hp.Acut.61
ζῡμ-όω	A	I	1	a	leaven	Id.VM11
ζῡμ-όω	A	I	2	a	cause to effervesce	Gal.10.964
ζῡμ-όω	A	I	2	a	cause to effervesce	Aët.1
ζῡμ-όω	A	I	2	a	cause to effervesce	Alex.124.8
ζῡμ-ώδης	A	I	1	a	like leaven	Arist.GA755a23
ζῡ́μ-ωμα	A	I	1	a	fermented mixture	Pl.Ti.74d
ζῡ́μ-ωμα	A	I	1	a	fermented mixture	Nic.Al.521
ζῡ́μ-ωμα	A	I	1	a	fermented mixture	525
ζῡ́μ-ωσις	A	I	1	a	fermentation	Pl.Ti.66b
ζῡ́μ-ωσις	A	I	1	a	fermentation	Plu.2.659b
ζῡ́μ-ωσις	A	I	1	a	fermentation	Gal.16
ζῡ́μ-ωσις	A	I	1	a	fermentation	661
ζῡ́μ-ωσις	A	I	1	a	fermentation	Hp.Epid.4.8
ζῡμ-ωτικός	A	I	1	a	causing to ferment	Diocl.Fr.118
ζῡμ-ωτός	A	I	1	a	fermented, leavened	LXXEx.13.7
ζῡτᾶς	A	I	1	a	brewer	BGU1087ii2
ζῡτηρά	A	I	1	a	tax on brewing,	PCair.Zen.176.30
ζῡτηρά	A	I	1	a	tax on brewing,	PTeb.40.4
ζῡτο-ποιέω	A	I	1	a	brew beer,	PCair.Zen.199.9
ζῡτο-ποιί̈α	A	I	1	a	brewing, Ostr.Fay.	10.4
ζῡτο-ποιός	A	I	1	a	brewer,	PPetr.3p.85
ζῡτο-ποιός	A	I	1	a	brewer,	PTeb.5.173
ζῡτο-πώλιον	A	I	1	a	beer-shop,	PCair.Zen.189.6
ζῡτο-πώλιον	A	I	1	a	beer-shop,	PRyl.127.12
ζῡτό-πωλις	A	I	1	a	woman who sells beer	BGU38.18
ζῡτουργεῖον	A	I	1	a	brewery, PPetr.ined.	124
ζῶ	A	I	1	a		S.Fr.167
ζῶ	A	I	1	a		E.IT699
ζῶ	A	I	1	a		Pherecr.11
ζῶ	A	I	1	a		D.
ζῶ	A	I	1	a		Men.Mon.191
ζῶ	A	I	1	a		AP10.43
ζῶ	A	I	1	a		Philem.
ζῶ	A	I	1	a		S.El.323
ζῶ	A	I	1	a		Ar.Ra.1072
ζῶ	A	I	1	a		D.24.7
ζῶ	A	I	1	a		Ar.V.709
ζῶ	A	I	1	a		Pl.Lg.679c
ζῶ	A	I	1	a		Ar.Pl.263
ζῶ	A	I	1	a		Pl.R.465d
ζῶ	A	I	1	a		Men.Mon.186
ζῶ	A	I	1	a		Epich.
ζῶ	A	I	1	a		267
ζῶ	A	I	1	a		Hp.Nat.Puer.30
ζῶ	A	I	1	a		D.25.82
ζῶ	A	I	1	a		Arist.Pol.1327b5
ζῶ	A	I	1	a		Hp.Prog.1
ζῶ	A	I	1	a		AP7.470
ζῶ	A	I	1	a		Mel.
ζῶ	A	I	1	a		Plu.2.786a
ζῶ	A	I	1	a		Arist.Metaph.1048b25
ζῶ	A	I	1	a		D.H.5.68
ζῶ	A	I	1	a		Il.1.88
ζῶ	A	I	1	a		Hom.
ζῶ	A	I	1	a		Pi.O.2.25
ζῶ	A	I	1	a		Hdt.7.46
ζῶ	A	I	1	a		Diog.Apoll.4
ζῶ	A	I	1	a		Herod.2.29
ζῶ	A	I	1	a		IG12(8).600.9
ζῶ	A	I	1	a		S.El.157
ζῶ	A	I	1	a		OC1213
ζῶ	A	I	1	a		BCH47.95
ζῶ	A	I	1	a		Bull.Soc.Arch.Bulg.7.13
ζῶ	A	I	1	a		IG12(8).262.12
ζῶ	A	I	1	a		Schwyzer339
ζῶ	A	I	1	a		Berl.Sitzb.1927.161
ζῶ	A	I	1	a		Leg.Gort.4.21
ζῶ	A	I	1	a		Od.7.140
ζῶ	A	I	1	a		24.436
ζῶ	A	I	1	a		22.245
ζῶ	A	I	1	a		Hes.Op.112
ζῶ	A	I	1	a		Hdt.4.112
ζῶ	A	I	1	a		Hes.Op.90
ζῶ	A	I	1	a		Bion1.30
ζῶ	A	I	1	a		Hdt.1.120
ζῶ	A	I	1	a		IG11(4).1299
ζῶ	A	I	1	a		BMus.Inscr.1009
ζῶ	A	I	1	a		Semon.1.17
ζῶ	A	I	1	a		AP13.21
ζῶ	A	I	1	a		Theodorid.
ζῶ	A	I	1	a	g[uglide]iē-, g[uglide]iō-	Theodorid.
ζῶ	A	I	1	a	live	Hom.
ζῶ	A	I	1	a	live	Arist.EN1097b33
ζῶ	A	I	1	a	live	Od.10.72
ζῶ	A	I	1	a	live	Il.24.558
ζῶ	A	I	1	a	live	1.88
ζῶ	A	I	1	a	live	Od.16.439
ζῶ	A	I	1	a	live	A.Ag.677
ζῶ	A	I	1	a	live	Od.24.263
ζῶ	A	I	1	a	live	D.18.72
ζῶ	A	I	1	a	live	Pl.R.369d
ζῶ	A	I	1	a	live	Id.Lg.809d
ζῶ	A	I	1	a	live	Id.Phdr.276a
ζῶ	A	I	1	a	live	Il.6.138
ζῶ	A	I	1	a	live	Hdt.1.86
ζῶ	A	I	1	a	live	h.Ven.221
ζῶ	A	I	1	a	live	Hdt.3.22
ζῶ	A	I	1	a	live	Od.17.423
ζῶ	A	I	1	a	live	D.60.5
ζῶ	A	I	1	a	live	Ar.Th.868
ζῶ	A	I	1	a	live	And.1.100
ζῶ	A	I	1	a	live	Isoc.10.18
ζῶ	A	I	1	a	live	Thgn.1156
ζῶ	A	I	1	a	live	Hdt.1.216
ζῶ	A	I	1	a	live	2.36
ζῶ	A	I	1	a	live	4.22
ζῶ	A	I	1	a	live	Ar.Pax850
ζῶ	A	I	1	a	live	Id.Ec.591
ζῶ	A	I	1	a	live	D.57.36
ζῶ	A	I	1	a	live	1 Ep.Cor.9.14
ζῶ	A	I	1	a	live	And.1.99
ζῶ	A	I	1	a	live	Arist.Pol.1292b27
ζῶ	A	I	1	a	live	E.Ion646
ζῶ	A	I	1	a	live	Ar.Pl.470
ζῶ	A	I	1	a	live	Men.507
ζῶ	A	I	1	a	live	A.Pr.681
ζῶ	A	I	1	a	live	Pl.Phd.77d
ζῶ	A	I	1	a	live	Id.Ax.365d
ζῶ	A	I	1	a	live	Ep.Hebr.2.15
ζῶ	A	I	1	a	live	OGI515.57
ζῶ	A	I	1	a	live	LXX1 Ki.10.24
ζῶ	A	I	1	a	live	Da.3.9
ζῶ	A	I	1	a	live	Nu.14.21
ζῶ	A	I	1	a	live	1 Ki.19.6
ζῶ	A	I	1	a	live	29.6
ζῶ	A	I	1	a	live	17.55
ζῶ	A	I	2	a	live, pass one's life	Od.15.491
ζῶ	A	I	2	a	live, pass one's life	S.El.599
ζῶ	A	I	2	a	live, pass one's life	E.Med.249
ζῶ	A	I	2	a	live, pass one's life	Ar.V.506
ζῶ	A	I	2	a	live, pass one's life	Hdt.4.112
ζῶ	A	I	2	a	live, pass one's life	Pl.R.344e
ζῶ	A	I	2	a	live, pass one's life	Philem.213.5
ζῶ	A	I	2	a	live, pass one's life	S.Fr.583.4
ζῶ	A	I	2	a	live, pass one's life	Ar.Av.161
ζῶ	A	I	2	a	live, pass one's life	S.El.650
ζῶ	A	I	2	a	live, pass one's life	Tr.168
ζῶ	A	I	2	a	live, pass one's life	Id.Ph.505
ζῶ	A	I	2	a	live, pass one's life	Id.OC799
ζῶ	A	I	2	a	live, pass one's life	Id.OT410
ζῶ	A	I	2	a	live, pass one's life	D.21.134
ζῶ	A	I	2	a	live, pass one's life	196
ζῶ	A	I	3	a	quicken	LXXPs.118(119).37
ζῶ	A	II	1	a	live	X.Mem.3.3.11
ζῶ	A	II	1	a	live	D.C.69.19
ζῶ	A	II	1	a	live	Ep.Rom.7.9
ζῶ	A	II	1	a	live	2p.565
ζῶ	A	II	1	a	live	LXXDe.5.26(23)
ζῶ	A	II	1	a	live	Pi.I.3.5
ζῶ	A	II	1	a	live	A.Ag.819
ζῶ	A	II	1	a	live	S.Fr.790
ζῶ	A	II	1	a	live	Id.OT482
ζῶ	A	II	1	a	live	Id.Ant.457
ζῶ	A	II	1	a	live	Id.OT45
ζῶ	A	II	1	a	live	Act.Ap.7.38
ζῶ	A	II	1	a	live	S.Tr.1169
ζῶ	A	II	1	a	live	E.Ba.8
ζῶ	A	II	1	a	live	LXXNu.5.17
ζῶ	A	II	1	a	live	Ev.Jo.4.10
ζῶ	A	II	1	a	live	Cic.Att.2.12.2
ζωάγρια	A	I	1	a	ransom paid for a prisoner taken alive) reward for life saved	Od.8.462
ζωάγρια	A	I	1	a	ransom paid for a prisoner taken alive) reward for life saved	Hdt.3.36
ζωάγρια	A	I	1	a	ransom paid for a prisoner taken alive) reward for life saved	Il.18.407
ζωάγρια	A	I	1	a	ransom paid for a prisoner taken alive) reward for life saved	Call.Fr.162
ζωάγρια	A	I	1	a	ransom paid for a prisoner taken alive) reward for life saved	AP6.220.15
ζωάγρια	A	I	1	a	ransom paid for a prisoner taken alive) reward for life saved	Diosc.
ζωάγρια	A	I	1	a	ransom paid for a prisoner taken alive) reward for life saved	Demetr.Lac.Herc.1014.49
ζωάγρια	A	I	1	a	ransom paid for a prisoner taken alive) reward for life saved	IG14.967a5
ζωάγρια	A	I	1	a	ransom paid for a prisoner taken alive) reward for life saved	Ael.NA11.31
ζωάγρια	A	I	1	a	ransom paid for a prisoner taken alive) reward for life saved	Plu.Arat.53
ζωάγρια	A	I	1	a	ransom paid for a prisoner taken alive) reward for life saved	Suid.
ζωάγρια	A	I	1	a	ransom paid for a prisoner taken alive) reward for life saved	Babr.50.15
ζωαλκής	A	I	1	a	life-preserving	IG14.1015
ζωάρκεια	A	I	1	a	means of subsistence	E.Hec.362
ζωάρκεια	A	I	1	a	means of subsistence	Anon.Prog.
ζωάρκεια	A	I	1	a	means of subsistence	Rh.1.599
ζωάρκεια	A	I	1	a	means of subsistence	Ind.Lect.Rost.1892
ζωάρκεια	A	I	1	a	means of subsistence	3P.
ζωάρκεια	A	I	1	a	means of subsistence	10
ζωαρκής	A	I	1	a	life-supporting	Milet.6.18
ζωαρκής	A	I	1	a	life-supporting	Procl.H.1.2
ζωαρκής	A	I	1	a	life-supporting	Nonn.D.25.178
ζωαρκής	A	I	1	a	life-supporting	PLond.5.1729.17
ζωαρκής	A	I	1	a	life-supporting	Phot.
ζῴαρχος	A	I	1	a	commander of one elephant	Ascl.Tact.9.1
ζῴαρχος	A	I	1	a	commander of one elephant	Ael.Tact.23.1
ζωγάνης	A	I	1	a	slave-king	Beros.3
ζώγη	A	I	1	a	plant	Hsch.
ζωγλύφος	A	I	1	a	Gesch.d.Gr. Etym.	p.394
ζωγονέω	A	I	1	a	living	POxy.1188.4
ζωγονέω	A	I	1	a	living	S.E.M.1.264
ζωγρᾰφ-εῖον	A	I	1	a	painter's studio	Plu.2.471f
ζωγρᾰφ-έω	A	I	1	a	paint from life, paint	Pl.R.598b
ζωγρᾰφ-έω	A	I	1	a	paint from life, paint	Id.Cra.434b
ζωγρᾰφ-έω	A	I	1	a	paint from life, paint	Id.Phlb.40b
ζωγρᾰφ-έω	A	I	1	a	paint from life, paint	Porph.Chr.23
ζωγρᾰφ-έω	A	II	1	a	adorn with paint	Ar.Ec.996
ζωγρᾰφ-έω	A	II	1	a	adorn with paint	Alex.98.16
ζωγρᾰφ-έω	A	II	1	a	adorn with paint	Nicostr.
ζωγρᾰφ-έω	A	II	1	a	adorn with paint	Stob.4.23.62
ζωγρᾰφ-έω	A	III	1	a	adorn	Arch.Pap.2.449
ζωγρᾰ́φ-ημα	A	I	1	a	a picture	Pl.Phlb.39d
ζωγρᾰ́φ-ημα	A	I	1	a	a picture	Cra.430b
ζωγρᾰφ-ητός	A	I	1	a	painted, parti-coloured	Hsch.
ζωγρᾰφ-ία	A	I	1	a	art of painting	Democr.28a
ζωγρᾰφ-ία	A	I	1	a	art of painting	Pl.Phdr.275d
ζωγρᾰφ-ία	A	I	1	a	art of painting	X.Mem.1.4.3
ζωγρᾰφ-ία	A	I	1	a	art of painting	Secund.Sent.14
ζωγρᾰφ-ία	A	II	1	a	painting	Philostr.Ep.22
ζωγρᾰφ-ία	A	II	1	a	painting	50
ζωγρᾰφ-ία	A	II	1	a	painting	IGRom.1.1272
ζωγρᾰφ-ία	A	II	2	a		Plot.6.3.8
ζωγρᾰφ-ίδες	A	I	1	a	picturae,	Gloss.
ζωγρᾰφ-ικός	A	I	1	a	skilled in painting	Pl.Tht.145a
ζωγρᾰφ-ικός	A	I	1	a	skilled in painting	X.Smp.4.21
ζωγρᾰφ-ικός	A	I	1	a	skilled in painting	D.S.14.46
ζωγρᾰφ-ικός	A	I	1	a	skilled in painting	BGU10.11
ζωγρᾰφ-ικός	A	I	1	a	skilled in painting	Dsc.5.162
ζωγρᾰφ-ικός	A	I	1	a	skilled in painting	S.E.M.11.255
ζώγρᾰφ-ος	A	I	1	a	one who paints from life	Hdt.2.46
ζώγρᾰφ-ος	A	I	1	a	one who paints from life	Pl.Grg.448c
ζώγρᾰφ-ος	A	I	1	a	one who paints from life	453c
ζώγρᾰφ-ος	A	I	1	a	one who paints from life	Lg.656e
ζώγρᾰφ-ος	A	I	1	a	one who paints from life	Id.R.501c
ζώγρᾰφ-ος	A	I	1	a	one who paints from life	Luc.Herod.4
ζώγρᾰφ-ος	A	I	1	a	one who paints from life	Epigr.41
ζώγρᾰφ-ος	A	I	1	a	one who paints from life	PSI4.346
ζώγρᾰφ-ος	A	I	1	a	one who paints from life	407
ζώγρᾰφ-ος	A	I	1	a	one who paints from life	SIG682.3
ζώγρᾰφ-ος	A	I	1	a	one who paints from life	Abh.Berl.Akad.1904(2).6
ζώγρᾰφ-ος	A	I	1	a	one who paints from life	EM412.53
ζώγρᾰφ-ος	A	I	1	a	one who paints from life	SIG960.13
ζώγρᾰφ-ος	A	I	1	a	one who paints from life	Phld.Rh.2.166S.
ζωγρ-εῖον	A	I	1	a	place for keeping animals, a menagerie	Str.12.3.30
ζωγρ-εῖον	A	I	1	a	place for keeping animals, a menagerie	Epict.Gnom.62
ζωγρ-εῖον	A	I	1	a	place for keeping animals, a menagerie	Porph.Sent.28
ζωγρ-εῖον	A	I	1	a	place for keeping animals, a menagerie	Aq.Je.5.27
ζωγρ-εῖον	A	I	1	a	place for keeping animals, a menagerie	Onos.11.3
ζωγρ-εῖον	A	I	1	a	place for keeping animals, a menagerie	Plu.2.89a
ζωγρ-εῖον	A	I	1	a	place for keeping animals, a menagerie	Ael.NA11.34
ζωγρ-εῖον	A	I	1	a	place for keeping animals, a menagerie	Xenocr.34
ζωγρ-εῖον	A	II	1	a		Hld.8.17
ζωγρ-έω	A	I	1	a	take, save alive, take captive	Il.6.46
ζωγρ-έω	A	I	1	a	take, save alive, take captive	10.378
ζωγρ-έω	A	I	1	a	take, save alive, take captive	Hdt.1.86
ζωγρ-έω	A	I	1	a	take, save alive, take captive	Id.3.52
ζωγρ-έω	A	I	1	a	take, save alive, take captive	Th.2.92
ζωγρ-έω	A	I	1	a	take, save alive, take captive	Id.7.23
ζωγρ-έω	A	I	1	a	take, save alive, take captive	Pl.Lg.868c
ζωγρ-έω	A	I	1	a	take, save alive, take captive	Plb.3.84.10
ζωγρ-έω	A	I	1	a	take, save alive, take captive	LXXNu.31.18
ζωγρ-έω	A	I	1	a	take, save alive, take captive	Ev.Luc.5.10
ζωγρ-έω	A	I	1	a	take, save alive, take captive	Charito7.6
ζωγρ-έω	A	I	1	a	take, save alive, take captive	Hdt.1.66
ζωγρ-έω	A	I	1	a	take, save alive, take captive	5.77
ζωγρ-έω	A	II	1	a	restore to life and strength, revive	Il.5.698
ζωγρ-έω	A	II	1	a	restore to life and strength, revive	Aret.CA2.3
ζωγρ-έω	A	II	1	a	restore to life and strength, revive	Epigr.Gr.841.7
ζωγρ-ία	A	I	1	a	taking alive	Hdt.6.28
ζωγρ-ία	A	I	1	a	taking alive	37
ζωγρ-ία	A	I	1	a	taking alive	SIG700.30
ζωγρ-ία	A	I	1	a	taking alive	Plb.1.9.8
ζωγρ-ία	A	I	1	a	taking alive	1.79.4
ζωγρ-ία	A	I	1	a	taking alive	Str.11.11.6
ζωγρ-ία	A	I	1	a	taking alive	Plb.1.82.2
ζωγρ-ία	A	I	1	a	taking alive	15.2
ζωγρ-ία	A	I	1	a	taking alive	Str.8.4.2
ζωγρ-ία	A	I	1	a	taking alive	Plb.5.86.5
ζωγρ-ίας	A	I	1	a	one taken alive	Ctes.Fr.29.3
ζωγρ-ίας	A	I	1	a	one taken alive	9
ζωγρ-ίας	A	I	1	a	one taken alive	Zos.1.51
ζωγρ-ίας	A	I	1	a	one taken alive	LXXDe.2.34
ζωγρ-ίας	A	I	1	a	one taken alive	D.S.25.10
ζωγρ-ίας	A	I	1	a	one taken alive	Memn.56.3
ζῶγρος	A	I	1	a	cage	Phlp.
ζῶγρος	A	I	1	a	cage	106.12
ζῶγρος	A	I	1	a	cage	Nic.Th.825
ζῶγρος	A	II	1	a		Hsch.
ζῳδαρίδιον	A	I	1	a	tiny figure	HeroSpir.2.34
ζῳδαρίδιον	A	I	1	a	tiny figure	312.10S.
ζῳδαρίδιον	A	I	1	a	tiny figure	Wiener Denkschr.47(4).59
ζῳδάριον	A	I	1	a	animalcule	Alex.140
ζῳδάριον	A	I	1	a	animalcule	Arist.HA557b1
ζῳδάριον	A	II	1	a		1
ζῳδάριον	A	II	1	a		IG22.1491.4
ζῳδάριον	A	II	1	a		Inscr.Délos298
ζῳδάριον	A	II	1	a		A31
ζῳδάριον	A	II	1	a		SIG2588.31
ζῳδάριον	A	II	1	a		HeroSpir.2.34
ζῳδάριον	A	II	1	a	PMag. Leid.V.	HeroSpir.2.34
ζῳδάριον	A	II	1	a	PMag. Leid.V.	10.1
ζῳδι-ᾰκός	A	I	1	a	of	Eudem.
ζῳδι-ᾰκός	A	I	1	a	of	p.198H.
ζῳδι-ᾰκός	A	I	1	a	of	Phld.Mus.p.100
ζῳδι-ᾰκός	A	I	1	a	of	Cleom.1.4
ζῳδι-ᾰκός	A	I	1	a	of	D.S.2.31
ζῳδι-ᾰκός	A	I	1	a	of	Man.4.168
ζῳδι-ᾰκός	A	I	1	a	of	Ptol.Tetr.198
ζῳδι-ᾰκός	A	I	1	a	of	Vett.Val.22.12
ζῳδι-ᾰκός	A	I	1	a	of	Class.Phil.22.13
ζῳδιο-κράτωρ	A	I	1	a	divinity presiding over the zodiac	Dam.Pr.131
ζῳδιο-κράτωρ	A	I	1	a	divinity presiding over the zodiac	351
ζῴδι-ον	A	I	1	a		11
ζῴδι-ον	A	I	1	a	small figure, painted	11
ζῴδι-ον	A	I	1	a	small figure, painted	Hdt.1.70
ζῴδι-ον	A	I	1	a	small figure, painted	IG12.374.288
ζῴδι-ον	A	I	1	a	small figure, painted	11(2).161
ζῴδι-ον	A	I	1	a	small figure, painted	B74
ζῴδι-ον	A	I	1	a	small figure, painted	Plu.2.673f
ζῴδι-ον	A	I	1	a	small figure, painted	OGI717.6
ζῴδι-ον	A	I	1	a	small figure, painted	D.S.1.47
ζῴδι-ον	A	II	1	a	sign of the Zodiac	Arist.Metaph.1073b20
ζῴδι-ον	A	II	1	a	sign of the Zodiac	Id.Mete.343a24
ζῴδι-ον	A	II	1	a	sign of the Zodiac	Plb.9.15
ζῴδι-ον	A	II	1	a	sign of the Zodiac	7
ζῴδι-ον	A	II	1	a	sign of the Zodiac	Zeno Stoic.1.34
ζῴδι-ον	A	II	1	a	sign of the Zodiac	Hipparch.2.1.3
ζῴδι-ον	A	II	1	a	sign of the Zodiac	Gem.1.3
ζῴδι-ον	A	II	1	a	sign of the Zodiac	Autol.1.10
ζῴδι-ον	A	II	1	a	sign of the Zodiac	Arat.544
ζῴδι-ον	A	II	1	a	sign of the Zodiac	Man.1.309
ζῳδι-οποιός	A	I	1	a	signarius,	Gloss.
ζῳδι-ωτός	A	I	1	a		Poll.7.55
ζῳδι-ωτός	A	I	1	a		Hsch.
ζῴειος	A	I	1	a	animal	Dam.Pr.85
ζωή	A	I	1	a	living	Od.14.96
ζωή	A	I	1	a	living	208
ζωή	A	I	1	a	living	16.429
ζωή	A	I	1	a	living	Hdt.8.105
ζωή	A	I	1	a	living	2.36
ζωή	A	I	1	a	living	Arist.HA608b21
ζωή	A	I	1	a	living	Theoc.Beren.2
ζωή	A	I	2	a		Hom.
ζωή	A	I	2	a	life, existence	Hom.
ζωή	A	I	2	a	life, existence	Tyrt.15.5
ζωή	A	I	2	a	life, existence	Pi.N.8.36
ζωή	A	I	2	a	life, existence	9.29
ζωή	A	I	2	a	life, existence	S.Fr.556
ζωή	A	I	2	a	life, existence	E.HF664
ζωή	A	I	2	a	life, existence	Pl.Ti.44c
ζωή	A	I	2	a	life, existence	SIG1210
ζωή	A	I	2	a	life, existence	Juv.6.195
ζωή	A	I	2	a	life, existence	A.Fr.99.13
ζωή	A	I	2	a	life, existence	LXXPs.62(63).3(4)
ζωή	A	I	2	a	life, existence	Dam.Pr.100
ζωή	A	I	2	a	life, existence	Iamb.Comm.Math.3
ζωή	A	I	3	a	way of life	Hdt.4.112
ζωή	A	I	3	a	way of life	114
ζωή	A	II	1	a		11
ζωή	A	II	1	a	the scum on milk	11
ζωή	A	II	1	a	the scum on milk	Eust.906.52
ζωή	A	II	1	a	the scum on milk	Hsch.
ζωή	A	II	1	a	the scum on milk	S.Fr.556
ζωή	A	II	1	a	the scum on milk	E.Hec.1108
ζωή	A	II	1	a	the scum on milk	S.Fr.592
ζωή	A	II	1	a	the scum on milk	E.Med.976
ζωή	A	II	1	a	the scum on milk	Call.Fr.114
ζωή	A	II	1	a	the scum on milk	Theoc.Ep.18.9
ζωή	A	II	1	a	the scum on milk	Herod.10.4
ζωή	A	II	1	a	the scum on milk	Dam.Pr.81
ζωή	A	II	1	a	the scum on milk	11
ζῳηδόν	A	I	1	a	in the manner of beasts	Plb.6.5.9
ζωηρός	A	I	1	a	living	Suid.
ζωητός	A	I	1	a	capable of being vitalized	Dam.Pr.83
ζωηφόρος	A	I	1	a	life-bringing	Them.Or.19.228d
ζωηφόρος	A	I	1	a	life-bringing	Il.8.70
ζωηφόρος	A	I	1	a	life-bringing	Cat.Cod.Astr.7.238
ζωθάλμιος	A	I	1	a	giving the bloom and freshness of life	Pi.O.7.11
ζωθαλπής	A	I	1	a	warming	Nonn.D.1.454
ζωθαλπής	A	I	1	a	warming	16.397
ζωθήκη	A	I	1	a	small room wherein to rest by day	Plin.Ep.2.17.21
ζωθήκη	A	I	1	a	small room wherein to rest by day	5.6.38
ζωθήκη	A	II	1	a	niche	Apollod.Poliorc.145.1
ζωθήκη	A	II	1	a	niche	Supp.Epigr.2.849
ζωθήκη	A	II	1	a	niche	ILS5449
ζωϊκός	A	I	1	a	of	Arist.PA645a6
ζωϊκός	A	I	1	a	of	681b4
ζωϊκός	A	I	1	a	of	668b30
ζωϊκός	A	I	1	a	of	Ath.7.328f
ζωϊκός	A	I	2	a	animal	Porph.Gaur.1.2
ζωϊκός	A	I	2	a	animal	13.4
ζωϊκός	A	I	2	a	animal	Dam.Pr.200
ζῶμα	A	I	1	a	loin-cloth, drawers	Il.23.683
ζῶμα	A	I	1	a	loin-cloth, drawers	4.216
ζῶμα	A	I	1	a	loin-cloth, drawers	Od.14.482
ζῶμα	A	I	1	a	loin-cloth, drawers	Alc.15.6
ζῶμα	A	I	2	a		A.Fr.246
ζῶμα	A	I	3	a	band	Hp.Art.14
ζῶμα	A	II	1	a	woman's girdle	Alc.Supp.8.10
ζῶμα	A	II	1	a	woman's girdle	S.El.452
ζῶμα	A	II	1	a	woman's girdle	IG22.1514.15
ζῶμα	A	II	1	a	woman's girdle	Ar.Fr.320.7
ζῶμα	A	II	1	a	woman's girdle	Men.432
ζῶμα	A	II	1	a	woman's girdle	AP6.272
ζῶμα	A	II	1	a	woman's girdle	Pers.
ζῶμα	A	II	1	a	woman's girdle	p.165
ζῶμα	A	II	1	a	woman's girdle	Str.7.2.3
ζῶμα	A	II	1	a	woman's girdle	Sor.Fasc.45
ζῶμα	A	II	1	a	woman's girdle	Ach.Tat.1.1
ζῶμα	A	II	1	a	woman's girdle	3.21
ζῶμα	A	II	1	a	woman's girdle	Hld.3.1
ζωμ-άρυστρον	A	I	1	a		POxy.1289.3
ζώμ-ευμα	A	I	1	a	soup	Ar.Eq.279
ζωμ-εύω	A	I	1	a	boil into soup	Id.Fr.591
ζωμ-εύω	A	I	1	a	boil into soup	Phryn.PSp.68
ζωμ-εύω	A	I	1	a	boil into soup	B.
ζωμ-εύω	A	I	1	a	boil into soup	Hp.Int.35
ζωμ-εύω	A	I	1	a	boil into soup	Dsc.Eup.2.122
ζωμ-ήρῠσις	A	I	1	a	soup-ladle	Antiph.249
ζωμ-ήρῠσις	A	I	1	a	soup-ladle	Philem.Jun.1.6
ζωμ-ήρῠσις	A	I	1	a	soup-ladle	Anaxipp.6.1
ζωμ-ήρῠσις	A	I	1	a	soup-ladle	IG22.1416
ζωμ-ήρῠσις	A	I	1	a	soup-ladle	Ath.3.126d
ζωμ-ήρῠσις	A	I	1	a	soup-ladle	AP6.101
ζωμ-ήρῠσις	A	I	1	a	soup-ladle	Phil.
ζωμ-ίδιον	A	I	1	a	a little sauce	Ar.Nu.389
ζωμοποι-έω	A	I	1	a	make into soup	Xenocr.54
ζωμοποι-ός	A	I	1	a	making sauce	Plu.2.218c
ζωμοποι-ός	A	II	1	a	serving to flavour soup	Dsc.4.82
ζωμός	A	I	1	a	soup	Ar.Eq.1174
ζωμός	A	I	1	a	soup	Pax716
ζωμός	A	I	1	a	soup	Arist.HA520a8
ζωμός	A	I	1	a	soup	PA651a29
ζωμός	A	I	1	a	soup	MatroConv.94
ζωμός	A	I	1	a	soup	Plu.Lyc.12
ζωμός	A	I	1	a	soup	Thphr.Char.8.7
ζωμός	A	I	2	a	fat, greasy fellow	Anaxandr.34.5
ζωμός	A	I	2	a	fat, greasy fellow	Aristopho4.3
ζωμός	A	I	3	a	wash	Ps.-Democr.
ζωμός	A	I	3	a	wash	p.48
ζωμός	A	I	3	a	wash	B.
ζωμός	A	I	3	a	wash	p.169
ζωμός	A	I	3	a	wash	B.
ζωμοτάρῑχος	A	I	1	a	stewed salt-fish	Alex.42
ζων-αῖοι	A	I	1	a		1v
ζων-αῖοι	A	I	1	a		Dam.Pr.130
ζων-αῖοι	A	I	1	a		206
ζων-αῖοι	A	I	1	a		131
ζών-η	A	I	1	a	the lower girdle worn by women	Od.5.231
ζών-η	A	I	1	a	the lower girdle worn by women	10.544
ζών-η	A	I	1	a	the lower girdle worn by women	Il.14.181
ζών-η	A	I	1	a	the lower girdle worn by women	Hdt.1.51
ζών-η	A	I	1	a	girdle	Od.11.245
ζών-η	A	I	1	a	girdle	Alex.Adesp.11.18
ζών-η	A	I	1	a	girdle	Plu.Lyc.15
ζών-η	A	I	1	a	girdle	AP7.324
ζών-η	A	I	1	a	girdle	E.IT204
ζών-η	A	I	1	a	girdle	Philostr.VA7.6
ζών-η	A	I	1	b	the girdle	Hyp.Fr.67
ζών-η	A	I	1	b	the girdle	Call.Del.209
ζών-η	A	I	1	b	the girdle	Opp.C.3.56
ζών-η	A	I	1	b	the girdle	Pi.O.6.39
ζών-η	A	I	1	c	belt	Hdt.8.120
ζών-η	A	I	1	c	belt	Call.Del.237
ζών-η	A	I	2	a		A.Ch.1000
ζών-η	A	I	2	a		Id.Eu.608
ζών-η	A	I	2	a		E.Hec.762
ζών-η	A	I	2	a	conceive,	E.Hec.762
ζών-η	A	I	2	a	conceive,	h.Ven.255
ζών-η	A	I	3	a	for girdle-money	X.An.1.4.9
ζών-η	A	I	3	a	for girdle-money	Pl.Alc.1.123b
ζών-η	A	II	1	a	belt	Arist.Mete.343b24
ζών-η	A	II	1	a	belt	X.An.1.6.10
ζών-η	A	II	1	a	belt	4.7.16
ζών-η	A	II	1	a	belt	Theopomp.Hist.39a
ζών-η	A	II	1	a	belt	Luc.Anach.33
ζών-η	A	II	1	a	belt	Pl.Hp.Mi.368c
ζών-η	A	II	1	b	purse,	PRyl.127.32
ζών-η	A	II	1	b	purse,	Ev.Matt.10.9
ζών-η	A	II	1	b	purse,	Plu.2.665b
ζών-η	A	II	1	b	purse,	Luc.Fug.31
ζών-η	A	II	2	a	part round which the girdle passed, waist	Il.2.479
ζών-η	A	II	2	a	part round which the girdle passed, waist	Paus.9.17.3
ζών-η	A	II	2	a	part round which the girdle passed, waist	Il.11.234
ζών-η	A	II	2	a	part round which the girdle passed, waist	Orph.Fr.168.28
ζών-η	A	II	2	a	part round which the girdle passed, waist	Hp.
ζών-η	A	II	2	a	part round which the girdle passed, waist	Erot.
ζών-η	A	II	3	a	cingulum, belt	Demod.
ζών-η	A	II	3	a	cingulum, belt	5
ζών-η	A	II	3	a	cingulum, belt	Suid.
ζών-η	A	II	3	a	cingulum, belt	Anon.
ζών-η	A	II	3	a	cingulum, belt	Cod.Just.1.5.12.6
ζών-η	A	II	3	a	cingulum, belt	11
ζών-η	A	II	3	a	cingulum, belt	Just.Edict.13.26
ζών-η	A	II	3	a	cingulum, belt	PLond.5.1680.21
ζών-η	A	III	1	a	anything that goes round like a belt	Plu.2.935a
ζών-η	A	III	1	a	anything that goes round like a belt	Luc.Musc.Enc.3
ζών-η	A	III	1	a	anything that goes round like a belt	Porph.Chr.69
ζών-η	A	III	2	a	one of the zones of the terrestrial sphere,	Stoic.2.195
ζών-η	A	III	2	a	one of the zones of the terrestrial sphere,	Posidon.
ζών-η	A	III	2	a	one of the zones of the terrestrial sphere,	Str.2.2.2
ζών-η	A	III	2	a	one of the zones of the terrestrial sphere,	Placit.2.12.1
ζών-η	A	III	2	a	one of the zones of the terrestrial sphere,	Str.1.2.24
ζών-η	A	III	2	a	one of the zones of the terrestrial sphere,	1.4.6
ζών-η	A	III	2	b	one of the planetary spheres	Diog.Oen.8
ζών-η	A	III	2	b	one of the planetary spheres	Vett.Val.26.18
ζών-η	A	III	2	b	one of the planetary spheres	Corp.Herm.1.25
ζών-η	A	III	2	c		Porph.in Ptol.186
ζών-η	A	III	3	a	frieze	Paus.5.10.5
ζών-η	A	III	4	a	zona	63
ζών-η	A	III	4	a	zona	247
ζών-η	A	III	4	a	zona	111.3
ζών-η	A	III	5	a	stripes	Ael.NA3.28
ζών-η	A	IV	1	a	engirdled with	Dam.Pr.96
ζών-η	A	IV	1	a	engirdled with	Procl.in Prm.p.494S.
ζων-ιαῖος	A	I	1	a	as thick as a girdle	Ath.Mech.38.3
ζωνιοπλόκος	A	I	1	a	plaiting	Thom.Mag.p.168
ζωνῖτις	A	I	1	a	in belts	Dsc.5.74
ζωνῖτις	A	I	1	a	in belts	111.2
ζώννῡμι	A	I	1	a		IG12.73.9
ζώννῡμι	A	I	1	a		Pl.R.553c
ζώννῡμι	A	I	1	a		Hp.Mul.1.68
ζώννῡμι	A	I	1	a		Ev.Jo.21.18
ζώννῡμι	A	I	1	a		LXXEx.29.9
ζώννῡμι	A	I	1	a		Od.18.76
ζώννῡμι	A	I	1	a		Hp.Art.14
ζώννῡμι	A	I	1	a		Paus.8.40.2
ζώννῡμι	A	I	1	a		D.H.2.5
ζώννῡμι	A	I	1	a		11
ζώννῡμι	A	I	1	a		Thphr.Sign.22
ζώννῡμι	A	I	1	a		Th.1.6
ζώννῡμι	A	I	1	a		Phot.
ζώννῡμι	A	I	1	a		Suid.
ζώννῡμι	A	I	1	a		IG22.1491.36
ζώννῡμι	A	I	1	a		1621.68
ζώννῡμι	A	I	1	a		Hp.Art.
ζώννῡμι	A	I	1	a	gird	Hp.Art.
ζώννῡμι	A	I	1	a	gird	Od.18.76
ζώννῡμι	A	I	1	a	gird	Hom.
ζώννῡμι	A	I	1	a	gird	Hes.Op.72
ζώννῡμι	A	I	1	a	gird	Paus.8.40.2
ζώννῡμι	A	I	1	a	gird	AP9.778
ζώννῡμι	A	I	1	a	gird	Phil.
ζώννῡμι	A	I	1	a	gird	11
ζώννῡμι	A	I	1	a	gird	A.R.1.368
ζώννῡμι	A	I	1	a	gird	LXXLe.8.7
ζώννῡμι	A	I	1	a	gird	1 Ki.17.39
ζώννῡμι	A	II	1	a	gird oneself	IG7.52.6
ζώννῡμι	A	II	1	a	gird oneself	Il.23.685
ζώννῡμι	A	II	1	a	gird oneself	710
ζώννῡμι	A	II	1	a	gird oneself	Od.24.89
ζώννῡμι	A	II	1	a	gird oneself	18.67
ζώννῡμι	A	II	1	a	gird oneself	Parth.10.2
ζώννῡμι	A	II	2	a	gird up one's loins	Il.11.15
ζώννῡμι	A	II	2	a	gird up one's loins	10.78
ζώννῡμι	A	II	2	a	gird up one's loins	5.857
ζώννῡμι	A	II	2	a	gird up one's loins	14.181
ζώννῡμι	A	II	2	a	gird up one's loins	23.130
ζώννῡμι	A	II	2	a	gird up one's loins	Call.Dian.12
ζώννῡμι	A	II	2	a	gird up one's loins	Plu.Ant.4
ζώννῡμι	A	II	2	a	gird up one's loins	Hes.Op.345
ζώννῡμι	A	II	2	a	gird up one's loins	A.R.1.426
ζώννῡμι	A	II	2	a	gird up one's loins	Theopomp.Hist.39a
ζώννῡμι	A	III	1	a	to be fixed by means of girths	LXX1 Ma.6.37
ζώννῡμι	A	III	2	a	to be formed in belts	Ps.-Democr.
ζώννῡμι	A	III	2	a	to be formed in belts	p.45B.
ζώννῡμι	A	III	2	a	to be formed in belts	E.
ζωνο-γάστορες	A	I	1	a	Ind. Lect.Rost.	1892
ζωνο-γάστορες	A	I	1	a	Ind. Lect.Rost.	3p.11
ζωνο-γάστορες	A	I	1	a	Ind. Lect.Rost.	Hsch.
ζωνο-δράκοντις	A	I	1	a	girdled with snakes	PMag.Par.1.2864
ζωνο-ειδής	A	I	1	a	like a belt	Apollon.Lex.
ζωνο-ειδής	A	I	1	a	like a belt	Eust.1068.24
ζωνο-ειδής	A	I	1	a	like a belt	Olymp.in Mete.191.21
ζωνός	A	I	1	a		Arist.Phgn.810b4
ζωνοφόρος	A	I	1	a	wearing a belt, PRain.	Wiener Denkschr.42(2).4
ζώντως	A	I	1	a	vivide,	Gloss.
ζῳο-γενής	A	I	1	a	of animate kind, mortal	Pl.Plt.309c
ζῳο-γλύφος	A	I	1	a	sculptor,	AP12.56
ζῳο-γλύφος	A	I	1	a	sculptor,	Mel.
ζῳο-γλύφος	A	I	1	a	sculptor,	57
ζωογον-έω	A	I	1	a	propagate	Thphr.CP3.22.3
ζωογον-έω	A	I	1	a	propagate	HP8.11.2
ζωογον-έω	A	I	1	a	propagate	Id.CP3.24.3
ζωογον-έω	A	I	1	a	propagate	Arist.Mir.835b26
ζωογον-έω	A	I	1	a	propagate	D.S.1.88
ζωογον-έω	A	I	1	a	propagate	Plu.2.494c
ζωογον-έω	A	I	1	a	propagate	Arist.Mir.832a14
ζωογον-έω	A	I	1	a	propagate	Vett.Val.162.17
ζωογον-έω	A	II	1	a	to be viviparous	Thphr.HP7.14.3
ζωογον-έω	A	II	1	a	to be viviparous	Luc.Am.19
ζωογον-έω	A	II	1	a	to be viviparous	Id.DDeor.8
ζωογον-έω	A	II	1	a	to be viviparous	D.S.1.23
ζωογον-έω	A	II	2	a	make alive, quicken	Thphr.CP4.15.2
ζωογον-έω	A	II	2	a	make alive, quicken	Arist.Fr.311
ζωογον-έω	A	II	2	a	make alive, quicken	Isid.
ζωογον-έω	A	II	2	a	make alive, quicken	Ath.2.93f
ζωογον-έω	A	II	2	a	make alive, quicken	Ph.2.378
ζωογον-έω	A	II	2	a	make alive, quicken	435
ζωογον-έω	A	II	3	a	preserve alive	LXXEx.1.17
ζωογον-έω	A	II	3	a	preserve alive	27.9
ζωογον-έω	A	II	3	a	preserve alive	2.6
ζωογον-έω	A	II	3	a	preserve alive	Ev.Luc.17.33
ζωογον-έω	A	II	3	a	preserve alive	Act.Ap.7.19
ζωογόν-ησις	A	I	1	a	creation of life,	Theol.Ar.46
ζωογον-ητικός	A	I	1	a	capable of generation	49
ζωογον-ητικός	A	I	1	a	capable of generation	Aët.1.142
ζωογον-ία	A	I	1	a	production of animals	Pl.Epin.980c
ζωογον-ία	A	I	1	a	production of animals	Ph.1.14
ζωογον-ία	A	I	1	a	production of animals	Dam.Pr.284
ζωογον-ία	A	I	1	a	production of animals	Thphr.CP5.9.3
ζωογον-ία	A	I	1	a	production of animals	Sor.1.2
ζωογον-ικός	A	I	1	a		Dam.Pr.272
ζωογον-ικός	A	I	1	a		Procl.in Alc.p.52C.
ζωόγον-ος	A	I	1	a	producing animals, generative	Aret.SD2.5
ζωόγον-ος	A	I	1	a	producing animals, generative	Orph.H.38.3
ζωόγον-ος	A	I	1	a	producing animals, generative	AP9.525.7
ζωόγον-ος	A	I	1	a	producing animals, generative	Procl.Inst.155
ζωόγον-ος	A	I	1	a	producing animals, generative	Jul.Or.5.175c
ζωόγον-ος	A	I	1	a	producing animals, generative	Dam.Pr.267
ζωόγον-ος	A	I	1	a	producing animals, generative	282
ζωόγον-ος	A	I	1	a	producing animals, generative	Procl.H.1.10
ζωο-δοτήρ	A	I	1	a	giver of life	Orph.Fr.65
ζωο-δοτήρ	A	I	1	a	giver of life	Hsch.
ζωο-ειδής	A	I	1	a	like an animal,	Gp.10.9.4
ζωο-θετέω	A	I	1	a	make alive	Antig.Mir.19
ζωο-θηρία	A	I	1	a	chasing living creatures	Pl.Sph.223b
ζωο-θηρικός	A	I	1	a	of	221b
ζωο-θηρικός	A	I	1	a	of	220a
ζωο-θηρικός	A	I	1	a	of	222a
ζωο-θῠτέω	A	I	1	a	sacrifice live victims	Thphr.
ζωο-θῠτέω	A	I	1	a	sacrifice live victims	Porph.Abst.2.26
ζωο-κέφᾰλος	A	I	1	a	animal-headed	p.111L.
ζωό-μορφος	A	I	1	a	in the shape of an animal	Plu.Num.8
ζῷον	A	I	1	a	living being, animal	Hdt.5.10
ζῷον	A	I	1	a	living being, animal	Ar.V.551
ζῷον	A	I	1	a	living being, animal	Pl.443
ζῷον	A	I	1	a	living being, animal	Pl.Ti.77b
ζῷον	A	I	1	a	living being, animal	Id.Phd.70d
ζῷον	A	I	1	a	living being, animal	110e
ζῷον	A	I	1	a	living being, animal	Phld.Rh.1.98S.
ζῷον	A	I	1	a	living being, animal	Pl.Lg.936c
ζῷον	A	I	1	a	living being, animal	Secund.Sent.8
ζῷον	A	II	1	a	figure, image	Hdt.3.88
ζῷον	A	II	1	a	figure, image	Id.1.203
ζῷον	A	II	1	a	figure, image	2.4
ζῷον	A	II	1	a	figure, image	124
ζῷον	A	II	1	a	figure, image	148
ζῷον	A	II	1	a	figure, image	Pl.R.515a
ζῷον	A	II	1	a	figure, image	Hdt.4.88
ζῷον	A	II	1	a	figure, image	Plu.Per.13
ζῷον	A	III	1	a	sign	Man.2.166
ζῷον	A	III	1	a	sign	Hom.
ζῷον	A	III	1	a	sign	Semon.13
ζῷον	A	III	1	a	sign	IG12.372.42
ζῷον	A	III	1	a	sign	11(2).161
ζῷον	A	III	1	a	sign	B76
ζῷον	A	III	1	a	sign	Phld.Rh.2.166S.
ζῷον	A	III	1	a	sign	Aristarch.
ζῷον	A	III	1	a	sign	Il.18.407
ζῳοπλαστ-έω	A	I	1	a	mould to the life, make into statues	Lyc.844
ζῳοπλαστ-έω	A	II	1	a	work into life-shape	Ph.1.13
ζῳοπλάστ-ης	A	I	1	a	the Creator	184
ζῳοπλάστ-ης	A	II	1	a	a moulder of creatures, sculptor	Id.2.211
ζῳοπλαστ-ία	A	I	1	a	artistic representation	Eust.1157.25
ζωοποι-έω	A	I	1	a		1
ζωοποι-έω	A	I	1	a		Arist.HA555b9
ζωοποι-έω	A	I	1	a		11.2
ζωοποι-έω	A	I	1	a		Id.GA730a2
ζωοποι-έω	A	I	1	a		Thphr.CP3.22.4
ζωοποι-έω	A	I	1	a		D.S.2.52
ζωοποι-έω	A	II	1	a	make alive	LXX4 Ki.5.7
ζωοποι-έω	A	II	1	a	make alive	Ev.Jo.5.21
ζωοποι-έω	A	II	1	a	make alive	Luc.VH1.22
ζωοποι-έω	A	II	1	a	make alive	E.Alc.122
ζωοποι-έω	A	II	1	a	make alive	Dam.Pr.78
ζωοποι-έω	A	II	1	a	make alive	Procl.Inst.25
ζωοποι-έω	A	II	1	a	make alive	209
ζωοποι-έω	A	II	2	a	preserve alive	LXXJd.21.14
ζωοποί-ησις	A	I	1	a	making alive	2 Es.9.8
ζωοποι-ητικός	A	I	1	a	generative,	Theol.Ar.31
ζωοποι-ητικός	A	I	1	a	generative,	Diocl.Fr.172
ζωοποι-ητικός	A	I	1	a	generative,	Steph.in Hp.1.132D.
ζωοποι-ός	A	I	1	a	creative of life	Thphr.CP2.9.6
ζωοποι-ός	A	I	1	a	creative of life	Procl.Inst.145
ζωοποι-ός	A	I	1	a	creative of life	Porph.
ζωοποι-ός	A	I	1	a	creative of life	Eus.PE3.11
ζωοποι-ός	A	I	1	a	creative of life	Dam.Pr.80
ζωοποι-ός	A	I	1	a	creative of life	283
ζωοποι-ός	A	I	1	a	creative of life	E.Ph.347
ζῳο-πώλης	A	I	1	a	selling animals	Hsch.
ζωός	A	I	1	a		Schwyzer684
ζωός	A	I	1	a	alive, living	Schwyzer684
ζωός	A	I	1	a	alive, living	Pi.P.4.209
ζωός	A	I	1	a	alive, living	Hdt.2.70
ζωός	A	I	1	a	alive, living	Od.17.115
ζωός	A	I	1	a	alive, living	Il.6.38
ζωός	A	I	1	a	alive, living	X.HG1.2.5
ζωός	A	I	1	a	alive, living	A.Eleg.3
ζωός	A	I	1	a	alive, living	Il.5.887
ζωός	A	I	1	a	alive, living	16.445
ζωός	A	I	1	a	alive, living	Hdt.1.194
ζωός	A	I	1	a	alive, living	JRS15.145
ζωός	A	I	1	a	alive, living	148
ζωός	A	I	1	a	alive, living	Ptol.Ascal.
ζωός	A	I	1	a	alive, living	2.53
ζωός	A	I	1	a	alive, living	712
ζωός	A	I	1	a	alive, living	Archil.63
ζωός	A	I	1	a	alive, living	Epich.189
ζωός	A	I	1	a	alive, living	Berl.Sitzb.1927.161
ζωός	A	I	1	a	alive, living	Theoc.2.5
ζωός	A	I	1	a	alive, living	Epich.
ζωός	A	I	1	a	alive, living	2.947
ζῳοστάσιον	A	I	1	a	stall	Eust.531.17
ζῳότης	A	I	1	a	animal nature	Demetr.Lac.Herc.1055.15
ζῳότης	A	I	1	a	animal nature	Plu.2.1001b
ζῳότης	A	I	1	a	animal nature	A.D.Pron.6.24
ζῳότης	A	I	1	a	animal nature	Gal.19.163
ζῳότης	A	I	1	a	animal nature	Porph.Gaur.16.5
ζῳότης	A	I	1	a	animal nature	Dam.Pr.58
ζωοτοκ-έω	A	I	1	a	to be viviparous	Arist.Pol.1256b13
ζωοτοκ-έω	A	I	1	a	to be viviparous	Id.GA732b8
ζωοτοκ-έω	A	I	1	a	to be viviparous	Ph.1.263
ζωοτοκ-έω	A	I	1	a	to be viviparous	Arist.PA693b23
ζωότοκ-ος	A	I	1	a	bringing forth live	Theoc.25.125
ζωότοκ-ος	A	I	2	a	life-giving	Nonn.D.26.191
ζῳοτροφ-εῖον	A	I	1	a	place for keeping animals,	Gloss.
ζῳοτροφ-έω	A	I	1	a	breed	Thphr.CP2.17.8
ζῳοτροφ-έω	A	I	1	a	breed	Ph.1.641
ζῳοτροφ-έω	A	II	1	a	keep animals	Id.2.233
ζῳοτροφ-ία	A	I	1	a	feeding of animals	Pl.Plt.261e
ζῳοτροφ-ικός	A	I	1	a	connected with the feeding of animals	263e
ζῳοτροφ-ικός	A	I	1	a	connected with the feeding of animals	267b
ζῳότροφ-ος	A	I	1	a	nourishing animals.	Max.Tyr.39.4
ζῳότροφ-ος	A	I	1	a	nourishing animals.	41.5
ζῳοτύπος	A	I	1	a	modelling animals from life	Nonn.D.5.527
ζῳοτύπος	A	I	1	a	modelling animals from life	Man.4.343
ζῳοτύπος	A	I	1	a	modelling animals from life	AP15.1
ζῳοφᾰγ-έω	A	I	1	a	live on animal food	Arist.HA590b1
ζῳοφᾰγ-ία	A	I	1	a	a living on animal food	628b13
ζῳοφᾰγ-ία	A	I	1	a	a living on animal food	Porph.Abst.2.27
ζῳοφᾰγ-ία	A	I	1	a	a living on animal food	4.21
ζῳόφᾰγ-ος	A	I	1	a	carriivorous	Arist.Pol.1256a25
ζῳόφᾰγ-ος	A	I	1	a	carriivorous	PA696b29
ζωόφθαλμον	A	I	2	a	leaf-rosette	Plin.HN25.160
ζωοφορ-έω	A	I	1	a	bring forth alive	Arist.HA638a31
ζωοφορ-έω	A	I	1	a	bring forth alive	Gp.5.13.1
ζωόφορ-ος	A	I	1	a	life-giving,	IG3.171
ζωόφορ-ος	A	I	1	a	life-giving,	AP9.765
ζωόφορ-ος	A	II	1	a	bearing the figures of animals, sculptured	D.S.18.26
ζωόφορ-ος	A	II	1	a	bearing the figures of animals, sculptured	Vitr.3.5.10
ζωόφορ-ος	A	II	2	a		Arist.Mu.392a11
ζωόφορ-ος	A	II	2	a		Corp.Herm.13.12
ζωόφορ-ος	A	II	2	a		Ph.2.153
ζωόφορ-ος	A	II	2	a		AP14.124
ζωόφορ-ος	A	II	2	a		Ph.2.294
ζωοφῠτ-έω	A	I	1	a	put forth live shoots, flourish,	PCair.Zen.72.4
ζωοφῠτ-έω	A	I	1	a	put forth live shoots, flourish,	Ath.15.682d
ζωοφῠτ-έω	A	I	1	a	put forth live shoots, flourish,	PMasp.104.6
ζωοφῠτ-έω	A	II	1	a	produce alive	Ph.2.372
ζωοφῠτ-έω	A	II	1	a	produce alive	294
ζωόφῠτ-ος	A	I	1	a		11
ζωόφῠτ-ος	A	I	1	a		Plu.2.701c
ζωόφῠτ-ος	A	II	1	a	zoöphyte	S.E.P.1.41
ζωόφῠτ-ος	A	II	2	a		Dsc.4.88
ζῳόω	A	I	1	a	fashion into an animal	Alex.Aphr.in Top.137.26
ζωόω	A	I	1	a	impregnate	Aret.SD2.5
ζωόω	A	I	1	a	impregnate	Porph.Gaur.1.1
ζωόω	A	I	1	a	impregnate	3.1
ζωόω	A	I	2	a	quicken, make alive	LXXPs.79(80).18
ζωόω	A	I	2	a	quicken, make alive	Dam.Pr.80
ζωόω	A	I	2	a	quicken, make alive	Phlp.in GC200.6
ζωόω	A	I	2	a	quicken, make alive	Hp.Alim.38
ζωόω	A	I	2	a	quicken, make alive	Gal.19.174
ζωόω	A	I	2	a	quicken, make alive	180
ζωόω	A	I	2	a	quicken, make alive	Phlp.in GC151.5
ζωόω	A	I	2	a	quicken, make alive	64.7
ζωόω	A	I	2	a	quicken, make alive	Plot.1.1.10
ζωόω	A	I	2	a	quicken, make alive	4.4.28
ζωόω	A	I	2	a	quicken, make alive	Id.6.7.12
ζωόω	A	II	1	a	breed worms	Thphr.CP5.18.2
ζώπισσα	A	I	1	a	pitch and wax from old ships	Dsc.1.72
ζωπονέω	A	I	1	a	represent alive,	AP9.742
ζωπονέω	A	I	1	a	represent alive,	Phil.
ζωπύρα	A	I	1	a	zopyrontion	Plin.HN24.137
ζωπῠρ-έω	A	I	1	a	kindle into flame, cause to blaze up	Men.71
ζωπῠρ-έω	A	I	1	a	kindle into flame, cause to blaze up	Thphr.Ign.27
ζωπῠρ-έω	A	I	1	a	kindle into flame, cause to blaze up	Hp.Vict.1.9
ζωπῠρ-έω	A	I	2	a		A.Th.290
ζωπῠρ-έω	A	I	2	a		Id.Ag.1034
ζωπῠρ-έω	A	I	2	a		Arist.PA670a25
ζωπῠρ-έω	A	I	2	a		Plu.2.940c
ζωπῠρ-έω	A	I	2	a	to provoke	Plu.2.940c
ζωπῠρ-έω	A	I	2	a	to provoke	Ar.Lys.682
ζωπῠρ-έω	A	I	2	a	to provoke	Plu.Lyc.9
ζωπῠρ-έω	A	I	2	a	to provoke	PMag.Leid.V.10.7
ζωπῠρ-έω	A	II	1	a	burst into flame	Aret.SD1.8
ζωπῠ́ρ-ημα	A	I	1	a		1
ζωπῠ́ρ-ημα	A	I	1	a		Ar.Lys.107
ζωπῠρ-ητέον	A	I	1	a	one must kindle	Ph.1.187
ζωπῠ́ρ-ιον	A	II	1	a	bellows	Phot.
ζωπῠ́ρ-ιον	A	II	1	a	bellows	Suid.
ζωπῠρ-ίς	A	I	1	a	kindling up, reviving	Jul.Or.5.172b
ζώπῠρ-ον	A	I	1	a	spark	Pl.Lg.677b
ζώπῠρ-ον	A	I	1	a	spark	Luc.Tim.3
ζώπῠρ-ον	A	I	1	a	spark	Arist.Cael.308a2
ζώπῠρ-ον	A	I	1	a	spark	Plu.2.240a
ζώπῠρ-ον	A	I	1	a	spark	Max.Tyr.2.4
ζώπῠρ-ον	A	I	1	a	spark	Ph.2.519
ζώπῠρ-ον	A	I	1	a	spark	Nic.Dam.Fr.127J.
ζώπῠρ-ον	A	II	1	a	pair of bellows	Ephor.42J.
ζώπῠρ-ος	A	I	1	a	glowing	Philostr.VA1.34
ζώπῠρ-ος	A	I	2	a	restorative	Sor.2.28
ζωπῠ́ρ-ωσις	A	I	1	a	kindling	Max.
ζωπῠ́ρ-ωσις	A	I	1	a	kindling	9.7
ζωροποτ-έω	A	I	1	a	drink neat wine	Call.Fr.109
ζωροποτ-έω	A	I	1	a	drink neat wine	AP11.25
ζωροποτ-έω	A	I	1	a	drink neat wine	Apollonid.
ζωροπότ-ης	A	I	1	a	drinking neat wine	Hedyl.
ζωροπότ-ης	A	I	1	a	drinking neat wine	Ath.11.497d
ζωροπότ-ης	A	I	1	a	drinking neat wine	Man.4.300
ζωροπότ-ης	A	I	1	a	drinking neat wine	AP5.225
ζωρός	A	I	1	a	pure, sheer	A.R.1.477
ζωρός	A	I	1	a	pure, sheer	AP12.50
ζωρός	A	I	1	a	pure, sheer	Asclep.
ζωρός	A	I	1	a	pure, sheer	Ath.4.129d
ζωρός	A	I	1	a	pure, sheer	AP6.105
ζωρός	A	I	1	a	pure, sheer	Apollonid.
ζωρός	A	I	1	a	pure, sheer	Il.9.203
ζωρός	A	I	1	a	pure, sheer	Arist.Po.1461a14
ζωρός	A	I	1	a	pure, sheer	Ephipp.10
ζωρός	A	I	1	a	pure, sheer	Hdt.6.84
ζωρός	A	I	1	a	pure, sheer	Thphr.Char.4.6
ζωρός	A	I	1	a	pure, sheer	Ael.VH13.4
ζωρός	A	I	1	a	pure, sheer	Luc.Tim.54
ζωρός	A	I	1	a	pure, sheer	Antiph.149
ζωρός	A	I	1	a	pure, sheer	AP11.28
ζωρός	A	I	1	a	pure, sheer	7.457.6
ζωρός	A	I	1	a	pure, sheer	5.288.4
ζωρός	A	I	1	a	pure, sheer	Agath.
ζωρός	A	I	1	a	pure, sheer	Luc.DMort.7.1
ζωρός	A	I	1	a	pure, sheer	Nav.45
ζωρός	A	I	1	a	pure, sheer	Hp.Nat.Mul.69
ζωρός	A	I	1	a	pure, sheer	Ruf.Fr.118
ζωρός	A	I	1	a	pure, sheer	AP7.30
ζωρός	A	I	1	a	pure, sheer	Philum.Ven.2.3
ζωρός	A	I	1	a	pure, sheer	4.2
ζωρός	A	I	1	a	pure, sheer	Emp.35.15
ζωρύα	A	I	1	a	pipe for running water	IG4.823.46
ζώσιμος	A	I	1	a	viable	Alex.Aphr.Pr.2.47
ζώσιμος	A	I	1	a	viable	Aët.13.22
ζώσιμος	A	I	1	a	viable	Horap.1.38
ζώσιμος	A	II	1	a	pertaining to this life	Phld.Herc.1251.9
ζῶσις	A	I	1	a	girding on, cincture	LXXIs.22.12
ζωστήρ	A	I	1	a	a warrior's belt	4.132
ζωστήρ	A	I	1	a	a warrior's belt	135
ζωστήρ	A	I	1	a	a warrior's belt	186
ζωστήρ	A	I	1	a	a warrior's belt	7.305
ζωστήρ	A	I	1	a	a warrior's belt	Hdt.9.74
ζωστήρ	A	I	1	a	a warrior's belt	S.Aj.1030
ζωστήρ	A	I	1	a	a warrior's belt	Pi.Fr.172
ζωστήρ	A	I	1	a	a warrior's belt	Od.
ζωστήρ	A	I	1	a	a warrior's belt	14.72
ζωστήρ	A	I	1	a	a warrior's belt	Theoc.7.18
ζωστήρ	A	I	1	a	a warrior's belt	26.17
ζωστήρ	A	II	1	a	a woman's girdle	Paus.1.31.1
ζωστήρ	A	II	1	a	a woman's girdle	AP9.421
ζωστήρ	A	II	1	a	a woman's girdle	Secund.Sent.2
ζωστήρ	A	III	1	a	stripe marking certain height in the ship	Hld.1.1
ζωστήρ	A	III	2	a	grass-wrack, Posidonia oceanica	Thphr.HP4.6.2
ζωστήρ	A	III	2	a	grass-wrack, Posidonia oceanica	Plin.HN13.135
ζωστήρ	A	III	3	a		111.4
ζωστήρ	A	III	3	a		26.121
ζωστήρ	A	IV	1	a		Hdt.8.107
ζωστήρ	A	IV	1	a		Hyp.Fr.67
ζωστήρ	A	IV	2	a		AB261
ζωστήρ	A	V	1	a		Call.Ap.85
ζωστήρ	A	VI	1	a		Dam.Pr.96
Ζωστήριος	A	I	1	a	of	IG12.324.70
Ζωστήριος	A	I	1	a	of	Euph.95b
Ζωστήριος	A	I	1	a	of	Paus.1.31.1
Ζωστήριος	A	I	1	a	of	2
Ζωστήριος	A	I	1	a	of	Schwyzer319
Ζωστήριος	A	I	1	a	of	IG12.324.97
Ζωστήριος	A	I	1	a	of	Paus.9.17.2
Ζωστήριος	A	I	1	a	of	St.Byz.
Ζωστήριος	A	I	1	a	of	Hsch.
Ζωστήριος	A	I	1	a	of	AB261
Ζωστήριος	A	I	2	a		PLond.2.402.8
ζωστηροκλέπτης	A	I	1	a	one who steals belts	Lyc.1329
ζώστ-ης	A	I	1	a	one who girds,	Gloss.
ζωστ-ός	A	I	1	a	girded	Plu.Alex.32
ζωστ-ός	A	I	1	a	girded	X.Eph.1.2
ζῶστ-μα	A	I	1	a	head-band, fillet	Theoc.2.122
ζωστ-ρίς	A	I	1	a	cingulum,	Gloss.
ζῶστ-ρον	A	I	1	a	belt, girdle	Od.6.38
ζωτικός	A	I	1	a	fit for giving	Pl.Ti.91b
ζωτικός	A	I	1	a	fit for giving	Ti.Locr.100d
ζωτικός	A	I	1	a	fit for giving	D.S.2.51
ζωτικός	A	I	1	a	fit for giving	Gal.15.506
ζωτικός	A	I	1	a	fit for giving	LXXWi.15.11
ζωτικός	A	I	1	a	fit for giving	Corn.ND2
ζωτικός	A	I	1	a	fit for giving	Porph.Marc.13
ζωτικός	A	I	1	a	fit for giving	Arist.GA761a27
ζωτικός	A	I	1	a	fit for giving	733a11
ζωτικός	A	I	1	a	fit for giving	Thphr.CP1.13.4
ζωτικός	A	II	1	a	full of life, alive	Pl.R.610e
ζωτικός	A	II	1	a	full of life, alive	Thphr.HP1.14.2
ζωτικός	A	II	1	a	full of life, alive	Porph.Gaur.16.3
ζωτικός	A	II	1	a	full of life, alive	5
ζωτικός	A	II	1	a	full of life, alive	Arist.PA681a10
ζωτικός	A	II	1	a	full of life, alive	Plu.2.130b
ζωτικός	A	II	1	a	full of life, alive	Id.Cat.Mi.70
ζωτικός	A	II	2	a	characteristic of life, vital	Arist.Ph.255a6
ζωτικός	A	II	2	a	characteristic of life, vital	Stoic.2.235
ζωτικός	A	II	2	a	characteristic of life, vital	241
ζωτικός	A	II	2	a	characteristic of life, vital	272
ζωτικός	A	II	2	a	characteristic of life, vital	Herm.
ζωτικός	A	II	2	a	characteristic of life, vital	Stob.1.41.7
ζωτικός	A	II	2	a	characteristic of life, vital	Plot.6.7.5
ζωτικός	A	II	2	a	characteristic of life, vital	Porph.Sent.37
ζωτικός	A	II	2	a	characteristic of life, vital	Procl.Inst.189
ζωτικός	A	II	2	a	characteristic of life, vital	39
ζωτικός	A	II	2	a	characteristic of life, vital	Dam.Pr.79
ζωτικός	A	II	2	a	characteristic of life, vital	Herm.
ζωτικός	A	II	3	a	of life	Vett.Val.132.4
ζωτικός	A	II	3	a	of life	X.Mem.3.10.6
ζωτικός	A	II	3	a	of life	Plu.2.668d
ζωφορ-ία	A	I	1	a	the sun's progress through the zodiac	Man.4.510
ζωφῠτ-έω	A	I	1	a	thrive, flourish	POxy.1188.3
ζωφῠτ-έω	A	I	1	a	thrive, flourish	PLond.2.214
ζωφῠτ-έω	A	I	1	a	thrive, flourish	BCH44.79
ζώφῠτ-ος	A	I	1	a	giving life to plants, fertilizing	A.Supp.857
ζώφῠτ-ος	A	I	1	a	giving life to plants, fertilizing	Plu.Rom.20
ζώφῠτ-ος	A	II	1	a	spring from the earth	Stob.4.21.16
ζῳ-ώδης	A	I	1	a	like an animal, animal	Democr.105
ζῳ-ώδης	A	I	1	a	like an animal, animal	Posidon.
ζῳ-ώδης	A	I	1	a	like an animal, animal	Gal.5.469
ζῳ-ώδης	A	I	1	a	like an animal, animal	Plu.2.8a
ζῳ-ώδης	A	I	1	a	like an animal, animal	Aret.SD1.5
ζῳ-ώδης	A	I	1	a	like an animal, animal	Ph.2.22
ζῳ-ώδης	A	I	1	a	like an animal, animal	M.Ant.7.55
ζῳ-ώδης	A	I	1	a	like an animal, animal	Dam.Pr.102
ζῳ-ώδης	A	I	1	a	like an animal, animal	Marin.Procl.4
ζῳ-ώδης	A	I	1	a	like an animal, animal	Aret.SD1.7
ζῳ-ώδης	A	I	1	a	like an animal, animal	Id.SA2.11
ζῳ-ωδία	A	I	1	a	animal nature	Iamb.Protr.21
ζώωσις	A	I	1	a	making alive	Gal.
ζώωσις	A	I	1	a	making alive	19.174
ζῳωτός	A	I	1	a	adorned with figures	IG11(2).161
ζῳωτός	A	I	1	a	adorned with figures	B100
ζῳωτός	A	I	1	a	adorned with figures	Callix.2
ζῳωτός	A	I	1	a	adorned with figures	Plb.30.25.10
ζῳωτός	A	I	1	a	adorned with figures	OGI214.54
ζῳωτός	A	I	1	a	adorned with figures	Chares
